<?xml version="1.0" encoding="UTF-8"?>
<map id="18840">
  <name>Chaos Theory</name>
  <initialCredits>350</initialCredits>
  <perBaseCredits>150</perBaseCredits>
  <width>20</width>
  <height>23</height>
  <maxPlayers>2</maxPlayers>
  <url>http://weewar.com/map/18840</url>
  <thumbnail>http://weewar.com/images/maps/boardThumb_18840_ir3.png</thumbnail>
  <preview>http://weewar.com/images/maps/preview_18840_ir3.png</preview>
  <revision>1</revision>
  <creator>Pluto</creator>
  <creatorProfile>http://weewar.com/user/Pluto</creatorProfile>
  <terrains>
    <terrain x="0" y="1" type="Woods" />
    <terrain x="0" y="2" type="Mountains" />
    <terrain x="0" y="3" type="Woods" />
    <terrain x="0" y="4" type="Mountains" />
    <terrain x="0" y="5" type="Woods" />
    <terrain x="0" y="6" type="Mountains" />
    <terrain x="0" y="7" type="Woods" />
    <terrain x="1" y="0" type="Woods" />
    <terrain startFaction="1" x="1" y="1" type="Base" />
    <terrain x="1" y="2" type="Plains" />
    <terrain x="1" y="3" type="Plains" />
    <terrain startUnit="Trooper" startUnitOwner="1" x="1" y="4" type="Plains" />
    <terrain x="1" y="5" type="Plains" />
    <terrain x="1" y="6" type="Plains" />
    <terrain startFaction="1" x="1" y="7" type="Base" />
    <terrain x="1" y="8" type="Woods" />
    <terrain x="2" y="0" type="Mountains" />
    <terrain x="2" y="1" type="Mountains" />
    <terrain x="2" y="2" type="Plains" />
    <terrain x="2" y="3" type="Woods" />
    <terrain x="2" y="4" type="Plains" />
    <terrain x="2" y="5" type="Woods" />
    <terrain x="2" y="6" type="Plains" />
    <terrain x="2" y="7" type="Mountains" />
    <terrain x="2" y="8" type="Mountains" />
    <terrain x="3" y="0" type="Mountains" />
    <terrain x="3" y="1" type="Mountains" />
    <terrain x="3" y="2" type="Mountains" />
    <terrain x="3" y="3" type="Base" />
    <terrain x="3" y="4" type="Desert" />
    <terrain x="3" y="5" type="Base" />
    <terrain startUnit="Trooper" startUnitOwner="1" x="3" y="6" type="Mountains" />
    <terrain x="3" y="7" type="Mountains" />
    <terrain x="3" y="8" type="Mountains" />
    <terrain x="4" y="0" type="Mountains" />
    <terrain x="4" y="1" type="Mountains" />
    <terrain startUnit="Trooper" startUnitOwner="0" x="4" y="2" type="Mountains" />
    <terrain x="4" y="3" type="Woods" />
    <terrain x="4" y="4" type="Desert" />
    <terrain x="4" y="5" type="Woods" />
    <terrain x="4" y="6" type="Mountains" />
    <terrain x="4" y="7" type="Mountains" />
    <terrain x="4" y="8" type="Mountains" />
    <terrain x="5" y="0" type="Mountains" />
    <terrain startFaction="0" x="5" y="1" type="Base" />
    <terrain x="5" y="2" type="Plains" />
    <terrain x="5" y="3" type="Plains" />
    <terrain x="5" y="4" type="Plains" />
    <terrain x="5" y="5" type="Plains" />
    <terrain x="5" y="6" type="Plains" />
    <terrain startFaction="0" x="5" y="7" type="Base" />
    <terrain x="5" y="8" type="Mountains" />
    <terrain x="6" y="0" type="Woods" />
    <terrain x="6" y="1" type="Woods" />
    <terrain x="6" y="2" type="Plains" />
    <terrain x="6" y="3" type="Woods" />
    <terrain startUnit="Trooper" startUnitOwner="0" x="6" y="4" type="Plains" />
    <terrain x="6" y="5" type="Woods" />
    <terrain x="6" y="6" type="Plains" />
    <terrain x="6" y="7" type="Woods" />
    <terrain x="6" y="8" type="Woods" />
    <terrain x="6" y="15" type="Woods" />
    <terrain x="6" y="16" type="Mountains" />
    <terrain x="6" y="17" type="Woods" />
    <terrain x="6" y="18" type="Mountains" />
    <terrain x="6" y="19" type="Woods" />
    <terrain x="6" y="20" type="Mountains" />
    <terrain x="6" y="21" type="Woods" />
    <terrain x="7" y="2" type="Mountains" />
    <terrain x="7" y="4" type="Mountains" />
    <terrain x="7" y="6" type="Mountains" />
    <terrain x="7" y="9" type="Desert" />
    <terrain x="7" y="10" type="Desert" />
    <terrain x="7" y="11" type="Desert" />
    <terrain x="7" y="14" type="Woods" />
    <terrain startFaction="0" x="7" y="15" type="Base" />
    <terrain x="7" y="16" type="Plains" />
    <terrain x="7" y="17" type="Plains" />
    <terrain startUnit="Trooper" startUnitOwner="0" x="7" y="18" type="Plains" />
    <terrain x="7" y="19" type="Plains" />
    <terrain x="7" y="20" type="Plains" />
    <terrain startFaction="0" x="7" y="21" type="Base" />
    <terrain x="7" y="22" type="Woods" />
    <terrain x="8" y="7" type="Desert" />
    <terrain x="8" y="8" type="Desert" />
    <terrain x="8" y="9" type="Water" />
    <terrain x="8" y="10" type="Water" />
    <terrain x="8" y="11" type="Water" />
    <terrain x="8" y="12" type="Desert" />
    <terrain x="8" y="14" type="Mountains" />
    <terrain x="8" y="15" type="Mountains" />
    <terrain x="8" y="16" type="Plains" />
    <terrain x="8" y="17" type="Woods" />
    <terrain x="8" y="18" type="Plains" />
    <terrain x="8" y="19" type="Woods" />
    <terrain x="8" y="20" type="Plains" />
    <terrain x="8" y="21" type="Mountains" />
    <terrain x="8" y="22" type="Mountains" />
    <terrain x="9" y="7" type="Desert" />
    <terrain x="9" y="8" type="Water" />
    <terrain x="9" y="9" type="Mountains" />
    <terrain x="9" y="10" type="Mountains" />
    <terrain x="9" y="11" type="Water" />
    <terrain x="9" y="12" type="Desert" />
    <terrain x="9" y="14" type="Mountains" />
    <terrain x="9" y="15" type="Mountains" />
    <terrain x="9" y="16" type="Mountains" />
    <terrain x="9" y="17" type="Base" />
    <terrain x="9" y="18" type="Desert" />
    <terrain x="9" y="19" type="Base" />
    <terrain startUnit="Trooper" startUnitOwner="0" x="9" y="20" type="Mountains" />
    <terrain x="9" y="21" type="Mountains" />
    <terrain x="9" y="22" type="Mountains" />
    <terrain x="10" y="7" type="Desert" />
    <terrain x="10" y="8" type="Water" />
    <terrain x="10" y="9" type="Water" />
    <terrain x="10" y="10" type="Mountains" />
    <terrain x="10" y="11" type="Water" />
    <terrain x="10" y="12" type="Desert" />
    <terrain x="10" y="14" type="Mountains" />
    <terrain x="10" y="15" type="Mountains" />
    <terrain startUnit="Trooper" startUnitOwner="1" x="10" y="16" type="Mountains" />
    <terrain x="10" y="17" type="Woods" />
    <terrain x="10" y="18" type="Desert" />
    <terrain x="10" y="19" type="Woods" />
    <terrain x="10" y="20" type="Mountains" />
    <terrain x="10" y="21" type="Mountains" />
    <terrain x="10" y="22" type="Mountains" />
    <terrain x="11" y="8" type="Desert" />
    <terrain x="11" y="9" type="Desert" />
    <terrain x="11" y="10" type="Water" />
    <terrain x="11" y="11" type="Desert" />
    <terrain x="11" y="12" type="Desert" />
    <terrain x="11" y="14" type="Mountains" />
    <terrain startFaction="1" x="11" y="15" type="Base" />
    <terrain x="11" y="16" type="Plains" />
    <terrain x="11" y="17" type="Plains" />
    <terrain x="11" y="18" type="Plains" />
    <terrain x="11" y="19" type="Plains" />
    <terrain x="11" y="20" type="Plains" />
    <terrain startFaction="1" x="11" y="21" type="Base" />
    <terrain x="11" y="22" type="Mountains" />
    <terrain x="12" y="1" type="Woods" />
    <terrain x="12" y="2" type="Mountains" />
    <terrain x="12" y="3" type="Woods" />
    <terrain x="12" y="4" type="Mountains" />
    <terrain x="12" y="5" type="Woods" />
    <terrain x="12" y="6" type="Mountains" />
    <terrain x="12" y="7" type="Woods" />
    <terrain x="12" y="10" type="Desert" />
    <terrain x="12" y="14" type="Woods" />
    <terrain x="12" y="15" type="Woods" />
    <terrain x="12" y="16" type="Plains" />
    <terrain x="12" y="17" type="Woods" />
    <terrain startUnit="Trooper" startUnitOwner="1" x="12" y="18" type="Plains" />
    <terrain x="12" y="19" type="Woods" />
    <terrain x="12" y="20" type="Plains" />
    <terrain x="12" y="21" type="Woods" />
    <terrain x="12" y="22" type="Woods" />
    <terrain x="13" y="0" type="Woods" />
    <terrain startFaction="1" x="13" y="1" type="Base" />
    <terrain x="13" y="2" type="Plains" />
    <terrain x="13" y="3" type="Plains" />
    <terrain startUnit="Trooper" startUnitOwner="1" x="13" y="4" type="Plains" />
    <terrain x="13" y="5" type="Plains" />
    <terrain x="13" y="6" type="Plains" />
    <terrain startFaction="1" x="13" y="7" type="Base" />
    <terrain x="13" y="8" type="Woods" />
    <terrain x="13" y="16" type="Mountains" />
    <terrain x="13" y="18" type="Mountains" />
    <terrain x="13" y="20" type="Mountains" />
    <terrain x="14" y="0" type="Mountains" />
    <terrain x="14" y="1" type="Mountains" />
    <terrain x="14" y="2" type="Plains" />
    <terrain x="14" y="3" type="Woods" />
    <terrain x="14" y="4" type="Plains" />
    <terrain x="14" y="5" type="Woods" />
    <terrain x="14" y="6" type="Plains" />
    <terrain x="14" y="7" type="Mountains" />
    <terrain x="14" y="8" type="Mountains" />
    <terrain x="15" y="0" type="Mountains" />
    <terrain x="15" y="1" type="Mountains" />
    <terrain x="15" y="2" type="Mountains" />
    <terrain x="15" y="3" type="Base" />
    <terrain x="15" y="4" type="Desert" />
    <terrain x="15" y="5" type="Base" />
    <terrain startUnit="Trooper" startUnitOwner="1" x="15" y="6" type="Mountains" />
    <terrain x="15" y="7" type="Mountains" />
    <terrain x="15" y="8" type="Mountains" />
    <terrain x="16" y="0" type="Mountains" />
    <terrain x="16" y="1" type="Mountains" />
    <terrain startUnit="Trooper" startUnitOwner="0" x="16" y="2" type="Mountains" />
    <terrain x="16" y="3" type="Woods" />
    <terrain x="16" y="4" type="Desert" />
    <terrain x="16" y="5" type="Woods" />
    <terrain x="16" y="6" type="Mountains" />
    <terrain x="16" y="7" type="Mountains" />
    <terrain x="16" y="8" type="Mountains" />
    <terrain x="17" y="0" type="Mountains" />
    <terrain startFaction="0" x="17" y="1" type="Base" />
    <terrain x="17" y="2" type="Plains" />
    <terrain x="17" y="3" type="Plains" />
    <terrain x="17" y="4" type="Plains" />
    <terrain x="17" y="5" type="Plains" />
    <terrain x="17" y="6" type="Plains" />
    <terrain startFaction="0" x="17" y="7" type="Base" />
    <terrain x="17" y="8" type="Mountains" />
    <terrain x="18" y="0" type="Woods" />
    <terrain x="18" y="1" type="Woods" />
    <terrain x="18" y="2" type="Plains" />
    <terrain x="18" y="3" type="Woods" />
    <terrain startUnit="Trooper" startUnitOwner="0" x="18" y="4" type="Plains" />
    <terrain x="18" y="5" type="Woods" />
    <terrain x="18" y="6" type="Plains" />
    <terrain x="18" y="7" type="Woods" />
    <terrain x="18" y="8" type="Woods" />
    <terrain x="19" y="2" type="Mountains" />
    <terrain x="19" y="4" type="Mountains" />
    <terrain x="19" y="6" type="Mountains" />
  </terrains>
</map>

