<?xml version="1.0" encoding="UTF-8"?>
<map id="18884">
  <name>Awesome Possum</name>
  <initialCredits>200</initialCredits>
  <perBaseCredits>200</perBaseCredits>
  <width>10</width>
  <height>10</height>
  <maxPlayers>4</maxPlayers>
  <url>http://weewar.com/map/18884</url>
  <thumbnail>http://weewar.com/images/maps/boardThumb_18884_ir4.png</thumbnail>
  <preview>http://weewar.com/images/maps/preview_18884_ir4.png</preview>
  <revision>1</revision>
  <creator>psetterl</creator>
  <creatorProfile>http://weewar.com/user/psetterl</creatorProfile>
  <terrains>
    <terrain x="0" y="0" type="Base" />
    <terrain x="0" y="1" type="Plains" />
    <terrain x="0" y="2" type="Woods" />
    <terrain x="0" y="3" type="Mountains" />
    <terrain x="0" y="4" type="Mountains" />
    <terrain x="0" y="5" type="Mountains" />
    <terrain x="0" y="6" type="Mountains" />
    <terrain x="0" y="7" type="Woods" />
    <terrain x="0" y="8" type="Plains" />
    <terrain x="0" y="9" type="Base" />
    <terrain x="1" y="0" type="Plains" />
    <terrain x="1" y="1" type="Plains" />
    <terrain x="1" y="2" type="Woods" />
    <terrain x="1" y="3" type="Mountains" />
    <terrain x="1" y="4" type="Mountains" />
    <terrain x="1" y="5" type="Mountains" />
    <terrain x="1" y="6" type="Mountains" />
    <terrain x="1" y="7" type="Woods" />
    <terrain x="1" y="8" type="Plains" />
    <terrain x="1" y="9" type="Plains" />
    <terrain x="2" y="0" type="Plains" />
    <terrain startUnit="Trooper" startUnitOwner="1" x="2" y="1" type="Plains" />
    <terrain x="2" y="2" type="Woods" />
    <terrain x="2" y="3" type="Mountains" />
    <terrain x="2" y="4" type="Mountains" />
    <terrain x="2" y="5" type="Mountains" />
    <terrain x="2" y="6" type="Mountains" />
    <terrain x="2" y="7" type="Woods" />
    <terrain x="2" y="8" type="Plains" />
    <terrain x="2" y="9" type="Plains" />
    <terrain x="3" y="0" type="Plains" />
    <terrain x="3" y="1" type="Plains" />
    <terrain x="3" y="2" type="Woods" />
    <terrain x="3" y="3" type="Mountains" />
    <terrain x="3" y="4" type="Mountains" />
    <terrain x="3" y="5" type="Mountains" />
    <terrain x="3" y="6" type="Mountains" />
    <terrain x="3" y="7" type="Woods" />
    <terrain startUnit="Trooper" startUnitOwner="0" x="3" y="8" type="Plains" />
    <terrain x="3" y="9" type="Plains" />
    <terrain x="4" y="0" type="Plains" />
    <terrain x="4" y="1" type="Water" />
    <terrain x="4" y="2" type="Woods" />
    <terrain x="4" y="3" type="Mountains" />
    <terrain x="4" y="4" type="Mountains" />
    <terrain x="4" y="5" type="Base" />
    <terrain x="4" y="6" type="Mountains" />
    <terrain x="4" y="7" type="Water" />
    <terrain x="4" y="8" type="Plains" />
    <terrain x="4" y="9" type="Water" />
    <terrain x="5" y="0" type="Water" />
    <terrain x="5" y="1" type="Plains" />
    <terrain x="5" y="2" type="Water" />
    <terrain x="5" y="3" type="Mountains" />
    <terrain x="5" y="4" type="Base" />
    <terrain x="5" y="5" type="Base" />
    <terrain x="5" y="6" type="Mountains" />
    <terrain x="5" y="7" type="Woods" />
    <terrain x="5" y="8" type="Water" />
    <terrain x="5" y="9" type="Plains" />
    <terrain x="6" y="0" type="Plains" />
    <terrain startUnit="Trooper" startUnitOwner="2" x="6" y="1" type="Plains" />
    <terrain x="6" y="2" type="Woods" />
    <terrain x="6" y="3" type="Mountains" />
    <terrain x="6" y="4" type="Mountains" />
    <terrain x="6" y="5" type="Mountains" />
    <terrain x="6" y="6" type="Mountains" />
    <terrain x="6" y="7" type="Woods" />
    <terrain x="6" y="8" type="Plains" />
    <terrain x="6" y="9" type="Plains" />
    <terrain x="7" y="0" type="Plains" />
    <terrain x="7" y="1" type="Plains" />
    <terrain x="7" y="2" type="Woods" />
    <terrain x="7" y="3" type="Mountains" />
    <terrain x="7" y="4" type="Mountains" />
    <terrain x="7" y="5" type="Mountains" />
    <terrain x="7" y="6" type="Mountains" />
    <terrain x="7" y="7" type="Woods" />
    <terrain startUnit="Trooper" startUnitOwner="3" x="7" y="8" type="Plains" />
    <terrain x="7" y="9" type="Plains" />
    <terrain x="8" y="0" type="Plains" />
    <terrain x="8" y="1" type="Plains" />
    <terrain x="8" y="2" type="Woods" />
    <terrain x="8" y="3" type="Mountains" />
    <terrain x="8" y="4" type="Mountains" />
    <terrain x="8" y="5" type="Mountains" />
    <terrain x="8" y="6" type="Mountains" />
    <terrain x="8" y="7" type="Woods" />
    <terrain x="8" y="8" type="Plains" />
    <terrain x="8" y="9" type="Plains" />
    <terrain x="9" y="0" type="Base" />
    <terrain x="9" y="1" type="Plains" />
    <terrain x="9" y="2" type="Woods" />
    <terrain x="9" y="3" type="Mountains" />
    <terrain x="9" y="4" type="Mountains" />
    <terrain x="9" y="5" type="Mountains" />
    <terrain x="9" y="6" type="Mountains" />
    <terrain x="9" y="7" type="Woods" />
    <terrain x="9" y="8" type="Plains" />
    <terrain x="9" y="9" type="Base" />
  </terrains>
</map>

