<?xml version="1.0" encoding="UTF-8"?>
<map id="19328">
  <name>A Mountain Oasis</name>
  <initialCredits>200</initialCredits>
  <perBaseCredits>100</perBaseCredits>
  <width>19</width>
  <height>19</height>
  <maxPlayers>4</maxPlayers>
  <url>http://weewar.com/map/19328</url>
  <thumbnail>http://weewar.com/images/maps/boardThumb_19328_ir3.png</thumbnail>
  <preview>http://weewar.com/images/maps/preview_19328_ir3.png</preview>
  <revision>1</revision>
  <creator>winter</creator>
  <creatorProfile>http://weewar.com/user/winter</creatorProfile>
  <terrains>
    <terrain x="0" y="9" type="Mountains" />
    <terrain x="0" y="11" type="Mountains" />
    <terrain x="1" y="7" type="Mountains" />
    <terrain x="1" y="8" type="Mountains" />
    <terrain x="1" y="9" type="Desert" />
    <terrain x="1" y="10" type="Mountains" />
    <terrain x="1" y="11" type="Desert" />
    <terrain x="1" y="12" type="Mountains" />
    <terrain x="1" y="13" type="Mountains" />
    <terrain x="2" y="5" type="Mountains" />
    <terrain x="2" y="6" type="Mountains" />
    <terrain x="2" y="7" type="Mountains" />
    <terrain x="2" y="8" type="Desert" />
    <terrain x="2" y="9" type="Desert" />
    <terrain x="2" y="10" type="Desert" />
    <terrain x="2" y="11" type="Desert" />
    <terrain x="2" y="12" type="Desert" />
    <terrain x="2" y="13" type="Base" />
    <terrain x="2" y="14" type="Mountains" />
    <terrain x="2" y="15" type="Mountains" />
    <terrain x="3" y="3" type="Mountains" />
    <terrain x="3" y="4" type="Mountains" />
    <terrain x="3" y="5" type="Base" />
    <terrain x="3" y="6" type="Base" />
    <terrain x="3" y="7" type="Desert" />
    <terrain x="3" y="8" type="Desert" />
    <terrain x="3" y="9" type="Desert" />
    <terrain x="3" y="10" type="Desert" />
    <terrain x="3" y="11" type="Desert" />
    <terrain x="3" y="12" type="Desert" />
    <terrain x="3" y="13" type="Mountains" />
    <terrain x="3" y="14" type="Base" />
    <terrain x="3" y="15" type="Desert" />
    <terrain x="3" y="16" type="Mountains" />
    <terrain x="3" y="17" type="Mountains" />
    <terrain x="4" y="1" type="Mountains" />
    <terrain x="4" y="2" type="Mountains" />
    <terrain x="4" y="3" type="Desert" />
    <terrain x="4" y="4" type="Mountains" />
    <terrain x="4" y="5" type="Desert" />
    <terrain x="4" y="6" type="Desert" />
    <terrain x="4" y="7" type="Desert" />
    <terrain x="4" y="8" type="Desert" />
    <terrain x="4" y="9" type="Base" />
    <terrain x="4" y="10" type="Desert" />
    <terrain x="4" y="11" type="Desert" />
    <terrain x="4" y="12" type="Desert" />
    <terrain x="4" y="13" type="Desert" />
    <terrain x="4" y="14" type="Desert" />
    <terrain x="4" y="15" type="Desert" />
    <terrain x="4" y="16" type="Desert" />
    <terrain x="4" y="17" type="Mountains" />
    <terrain x="5" y="1" type="Mountains" />
    <terrain x="5" y="2" type="Desert" />
    <terrain x="5" y="3" type="Desert" />
    <terrain x="5" y="4" type="Desert" />
    <terrain x="5" y="5" type="Desert" />
    <terrain x="5" y="6" type="Desert" />
    <terrain x="5" y="7" type="Desert" />
    <terrain x="5" y="8" type="Desert" />
    <terrain x="5" y="9" type="Mountains" />
    <terrain x="5" y="10" type="Desert" />
    <terrain x="5" y="11" type="Desert" />
    <terrain x="5" y="12" type="Desert" />
    <terrain x="5" y="13" type="Desert" />
    <terrain x="5" y="14" type="Desert" />
    <terrain x="5" y="15" type="Desert" />
    <terrain x="5" y="16" type="Desert" />
    <terrain x="5" y="17" type="Desert" />
    <terrain x="5" y="18" type="Mountains" />
    <terrain x="6" y="0" type="Mountains" />
    <terrain x="6" y="1" type="Desert" />
    <terrain x="6" y="2" type="Desert" />
    <terrain x="6" y="3" type="Desert" />
    <terrain x="6" y="4" type="Desert" />
    <terrain x="6" y="5" type="Base" />
    <terrain x="6" y="6" type="Desert" />
    <terrain x="6" y="7" type="Mountains" />
    <terrain x="6" y="8" type="Mountains" />
    <terrain startFaction="0" x="6" y="9" type="Base" />
    <terrain x="6" y="10" type="Mountains" />
    <terrain x="6" y="11" type="Repairshop" />
    <terrain x="6" y="12" type="Desert" />
    <terrain x="6" y="13" type="Desert" />
    <terrain x="6" y="14" type="Desert" />
    <terrain x="6" y="15" type="Desert" />
    <terrain x="6" y="16" type="Desert" />
    <terrain x="6" y="17" type="Desert" />
    <terrain x="6" y="18" type="Mountains" />
    <terrain x="7" y="0" type="Mountains" />
    <terrain x="7" y="1" type="Desert" />
    <terrain x="7" y="2" type="Desert" />
    <terrain x="7" y="3" type="Desert" />
    <terrain x="7" y="4" type="Base" />
    <terrain x="7" y="5" type="Mountains" />
    <terrain x="7" y="6" type="Mountains" />
    <terrain x="7" y="7" type="Woods" />
    <terrain x="7" y="8" type="Woods" />
    <terrain x="7" y="9" type="Woods" />
    <terrain x="7" y="10" type="Mountains" />
    <terrain x="7" y="11" type="Mountains" />
    <terrain x="7" y="12" type="Mountains" />
    <terrain x="7" y="13" type="Mountains" />
    <terrain x="7" y="14" type="Base" />
    <terrain x="7" y="15" type="Desert" />
    <terrain x="7" y="16" type="Desert" />
    <terrain x="7" y="17" type="Mountains" />
    <terrain x="7" y="18" type="Mountains" />
    <terrain x="8" y="0" type="Mountains" />
    <terrain x="8" y="1" type="Mountains" />
    <terrain x="8" y="2" type="Desert" />
    <terrain x="8" y="3" type="Desert" />
    <terrain x="8" y="4" type="Base" />
    <terrain x="8" y="5" type="Mountains" />
    <terrain x="8" y="6" type="Swamp" />
    <terrain x="8" y="7" type="Swamp" />
    <terrain x="8" y="8" type="Woods" />
    <terrain x="8" y="9" type="Swamp" />
    <terrain x="8" y="10" type="Mountains" />
    <terrain x="8" y="11" type="Woods" />
    <terrain startFaction="2" x="8" y="12" type="Base" />
    <terrain x="8" y="13" type="Mountains" />
    <terrain x="8" y="14" type="Desert" />
    <terrain x="8" y="15" type="Desert" />
    <terrain x="8" y="16" type="Desert" />
    <terrain x="8" y="17" type="Base" />
    <terrain x="8" y="18" type="Mountains" />
    <terrain x="9" y="0" type="Mountains" />
    <terrain x="9" y="1" type="Base" />
    <terrain x="9" y="2" type="Desert" />
    <terrain x="9" y="3" type="Desert" />
    <terrain x="9" y="4" type="Desert" />
    <terrain x="9" y="5" type="Mountains" />
    <terrain x="9" y="6" type="Woods" />
    <terrain x="9" y="7" type="Woods" />
    <terrain x="9" y="8" type="Swamp" />
    <terrain x="9" y="9" type="Water" />
    <terrain x="9" y="10" type="Swamp" />
    <terrain x="9" y="11" type="Woods" />
    <terrain x="9" y="12" type="Woods" />
    <terrain x="9" y="13" type="Mountains" />
    <terrain x="9" y="14" type="Desert" />
    <terrain x="9" y="15" type="Desert" />
    <terrain x="9" y="16" type="Desert" />
    <terrain x="9" y="17" type="Base" />
    <terrain x="9" y="18" type="Mountains" />
    <terrain x="10" y="0" type="Mountains" />
    <terrain x="10" y="1" type="Base" />
    <terrain x="10" y="2" type="Desert" />
    <terrain x="10" y="3" type="Desert" />
    <terrain x="10" y="4" type="Desert" />
    <terrain x="10" y="5" type="Mountains" />
    <terrain x="10" y="6" type="Woods" />
    <terrain x="10" y="7" type="Woods" />
    <terrain x="10" y="8" type="Swamp" />
    <terrain x="10" y="9" type="Swamp" />
    <terrain x="10" y="10" type="Swamp" />
    <terrain x="10" y="11" type="Swamp" />
    <terrain x="10" y="12" type="Woods" />
    <terrain x="10" y="13" type="Mountains" />
    <terrain x="10" y="14" type="Desert" />
    <terrain x="10" y="15" type="Desert" />
    <terrain x="10" y="16" type="Desert" />
    <terrain x="10" y="17" type="Mountains" />
    <terrain x="10" y="18" type="Mountains" />
    <terrain x="11" y="0" type="Mountains" />
    <terrain x="11" y="1" type="Mountains" />
    <terrain x="11" y="2" type="Desert" />
    <terrain x="11" y="3" type="Desert" />
    <terrain x="11" y="4" type="Desert" />
    <terrain x="11" y="5" type="Mountains" />
    <terrain startFaction="3" x="11" y="6" type="Base" />
    <terrain x="11" y="7" type="Mountains" />
    <terrain x="11" y="8" type="Mountains" />
    <terrain x="11" y="9" type="Woods" />
    <terrain x="11" y="10" type="Woods" />
    <terrain x="11" y="11" type="Woods" />
    <terrain x="11" y="12" type="Swamp" />
    <terrain x="11" y="13" type="Mountains" />
    <terrain x="11" y="14" type="Base" />
    <terrain x="11" y="15" type="Desert" />
    <terrain x="11" y="16" type="Desert" />
    <terrain x="11" y="17" type="Desert" />
    <terrain x="11" y="18" type="Mountains" />
    <terrain x="12" y="0" type="Mountains" />
    <terrain x="12" y="1" type="Desert" />
    <terrain x="12" y="2" type="Desert" />
    <terrain x="12" y="3" type="Desert" />
    <terrain x="12" y="4" type="Base" />
    <terrain x="12" y="5" type="Desert" />
    <terrain x="12" y="6" type="Mountains" />
    <terrain x="12" y="7" type="Repairshop" />
    <terrain x="12" y="8" type="Mountains" />
    <terrain startFaction="1" x="12" y="9" type="Base" />
    <terrain x="12" y="10" type="Woods" />
    <terrain x="12" y="11" type="Mountains" />
    <terrain x="12" y="12" type="Mountains" />
    <terrain x="12" y="13" type="Base" />
    <terrain x="12" y="14" type="Base" />
    <terrain x="12" y="15" type="Desert" />
    <terrain x="12" y="16" type="Desert" />
    <terrain x="12" y="17" type="Desert" />
    <terrain x="12" y="18" type="Mountains" />
    <terrain x="13" y="0" type="Mountains" />
    <terrain x="13" y="1" type="Desert" />
    <terrain x="13" y="2" type="Desert" />
    <terrain x="13" y="3" type="Desert" />
    <terrain x="13" y="4" type="Desert" />
    <terrain x="13" y="5" type="Desert" />
    <terrain x="13" y="6" type="Desert" />
    <terrain x="13" y="7" type="Desert" />
    <terrain x="13" y="8" type="Mountains" />
    <terrain x="13" y="9" type="Mountains" />
    <terrain x="13" y="10" type="Mountains" />
    <terrain x="13" y="11" type="Desert" />
    <terrain x="13" y="12" type="Desert" />
    <terrain x="13" y="13" type="Desert" />
    <terrain x="13" y="14" type="Desert" />
    <terrain x="13" y="15" type="Desert" />
    <terrain x="13" y="16" type="Desert" />
    <terrain x="13" y="17" type="Mountains" />
    <terrain x="13" y="18" type="Mountains" />
    <terrain x="14" y="0" type="Mountains" />
    <terrain x="14" y="1" type="Mountains" />
    <terrain x="14" y="2" type="Desert" />
    <terrain x="14" y="3" type="Desert" />
    <terrain x="14" y="4" type="Desert" />
    <terrain x="14" y="5" type="Desert" />
    <terrain x="14" y="6" type="Desert" />
    <terrain x="14" y="7" type="Desert" />
    <terrain x="14" y="8" type="Desert" />
    <terrain x="14" y="9" type="Base" />
    <terrain x="14" y="10" type="Desert" />
    <terrain x="14" y="11" type="Desert" />
    <terrain x="14" y="12" type="Desert" />
    <terrain x="14" y="13" type="Desert" />
    <terrain x="14" y="14" type="Desert" />
    <terrain x="14" y="15" type="Desert" />
    <terrain x="14" y="16" type="Desert" />
    <terrain x="14" y="17" type="Mountains" />
    <terrain x="15" y="1" type="Mountains" />
    <terrain x="15" y="2" type="Desert" />
    <terrain x="15" y="3" type="Desert" />
    <terrain x="15" y="4" type="Desert" />
    <terrain x="15" y="5" type="Mountains" />
    <terrain x="15" y="6" type="Desert" />
    <terrain x="15" y="7" type="Desert" />
    <terrain x="15" y="8" type="Desert" />
    <terrain x="15" y="9" type="Desert" />
    <terrain x="15" y="10" type="Desert" />
    <terrain x="15" y="11" type="Desert" />
    <terrain x="15" y="12" type="Desert" />
    <terrain x="15" y="13" type="Base" />
    <terrain x="15" y="14" type="Mountains" />
    <terrain x="15" y="15" type="Mountains" />
    <terrain x="15" y="16" type="Mountains" />
    <terrain x="16" y="2" type="Mountains" />
    <terrain x="16" y="3" type="Mountains" />
    <terrain x="16" y="4" type="Base" />
    <terrain x="16" y="5" type="Base" />
    <terrain x="16" y="6" type="Desert" />
    <terrain x="16" y="7" type="Desert" />
    <terrain x="16" y="8" type="Desert" />
    <terrain x="16" y="9" type="Desert" />
    <terrain x="16" y="10" type="Desert" />
    <terrain x="16" y="11" type="Mountains" />
    <terrain x="16" y="12" type="Base" />
    <terrain x="16" y="13" type="Mountains" />
    <terrain x="16" y="14" type="Mountains" />
    <terrain x="17" y="4" type="Mountains" />
    <terrain x="17" y="5" type="Mountains" />
    <terrain x="17" y="6" type="Desert" />
    <terrain x="17" y="7" type="Desert" />
    <terrain x="17" y="8" type="Desert" />
    <terrain x="17" y="9" type="Desert" />
    <terrain x="17" y="10" type="Desert" />
    <terrain x="17" y="11" type="Mountains" />
    <terrain x="17" y="12" type="Mountains" />
    <terrain x="18" y="6" type="Mountains" />
    <terrain x="18" y="7" type="Mountains" />
    <terrain x="18" y="8" type="Mountains" />
    <terrain x="18" y="9" type="Mountains" />
    <terrain x="18" y="10" type="Mountains" />
  </terrains>
</map>

