<?xml version="1.0" encoding="UTF-8"?>
<map id="19770">
  <name>Copy of Earth</name>
  <initialCredits>800</initialCredits>
  <perBaseCredits>200</perBaseCredits>
  <width>40</width>
  <height>31</height>
  <maxPlayers>6</maxPlayers>
  <url>http://weewar.com/map/19770</url>
  <thumbnail>http://weewar.com/images/maps/boardThumb_19770_ir3.png</thumbnail>
  <preview>http://weewar.com/images/maps/preview_19770_ir3.png</preview>
  <revision>3</revision>
  <creator>Igolfer</creator>
  <creatorProfile>http://weewar.com/user/Igolfer</creatorProfile>
  <terrains>
    <terrain x="0" y="3" type="Water" />
    <terrain x="0" y="4" type="Water" />
    <terrain x="0" y="5" type="Water" />
    <terrain x="0" y="6" type="Water" />
    <terrain x="0" y="7" type="Water" />
    <terrain x="0" y="8" type="Water" />
    <terrain x="0" y="9" type="Water" />
    <terrain x="0" y="10" type="Water" />
    <terrain x="0" y="11" type="Water" />
    <terrain x="0" y="12" type="Water" />
    <terrain x="0" y="13" type="Water" />
    <terrain x="0" y="14" type="Airfield" />
    <terrain x="0" y="15" type="Water" />
    <terrain x="0" y="16" type="Water" />
    <terrain x="0" y="17" type="Water" />
    <terrain x="0" y="18" type="Water" />
    <terrain x="0" y="19" type="Water" />
    <terrain x="0" y="20" type="Water" />
    <terrain x="0" y="21" type="Water" />
    <terrain x="0" y="22" type="Water" />
    <terrain x="0" y="23" type="Water" />
    <terrain x="0" y="24" type="Water" />
    <terrain x="0" y="25" type="Water" />
    <terrain x="1" y="3" type="Harbor" />
    <terrain x="1" y="4" type="Plains" />
    <terrain x="1" y="5" type="Water" />
    <terrain x="1" y="6" type="Water" />
    <terrain x="1" y="7" type="Water" />
    <terrain x="1" y="8" type="Water" />
    <terrain x="1" y="9" type="Water" />
    <terrain x="1" y="10" type="Water" />
    <terrain x="1" y="11" type="Water" />
    <terrain x="1" y="12" type="Water" />
    <terrain x="1" y="13" type="Water" />
    <terrain x="1" y="14" type="Water" />
    <terrain x="1" y="15" type="Water" />
    <terrain x="1" y="16" type="Water" />
    <terrain x="1" y="17" type="Water" />
    <terrain x="1" y="18" type="Water" />
    <terrain x="1" y="19" type="Water" />
    <terrain x="1" y="20" type="Water" />
    <terrain x="1" y="21" type="Water" />
    <terrain x="1" y="22" type="Water" />
    <terrain x="1" y="23" type="Water" />
    <terrain x="1" y="24" type="Water" />
    <terrain x="1" y="25" type="Water" />
    <terrain x="1" y="26" type="Water" />
    <terrain x="1" y="27" type="Water" />
    <terrain x="2" y="2" type="Water" />
    <terrain x="2" y="3" type="Plains" />
    <terrain x="2" y="4" type="Plains" />
    <terrain x="2" y="5" type="Water" />
    <terrain x="2" y="6" type="Water" />
    <terrain x="2" y="7" type="Water" />
    <terrain x="2" y="8" type="Water" />
    <terrain x="2" y="9" type="Base" />
    <terrain x="2" y="10" type="Water" />
    <terrain x="2" y="11" type="Water" />
    <terrain x="2" y="12" type="Water" />
    <terrain x="2" y="13" type="Water" />
    <terrain x="2" y="14" type="Water" />
    <terrain x="2" y="15" type="Water" />
    <terrain x="2" y="16" type="Water" />
    <terrain x="2" y="17" type="Water" />
    <terrain x="2" y="18" type="Water" />
    <terrain x="2" y="19" type="Water" />
    <terrain x="2" y="20" type="Water" />
    <terrain x="2" y="21" type="Water" />
    <terrain x="2" y="22" type="Harbor" />
    <terrain x="2" y="23" type="Water" />
    <terrain x="2" y="24" type="Water" />
    <terrain x="2" y="25" type="Water" />
    <terrain x="2" y="26" type="Water" />
    <terrain x="2" y="27" type="Water" />
    <terrain x="2" y="28" type="Water" />
    <terrain x="3" y="1" type="Airfield" />
    <terrain x="3" y="2" type="Water" />
    <terrain x="3" y="3" type="Plains" />
    <terrain x="3" y="4" type="Plains" />
    <terrain x="3" y="5" type="Plains" />
    <terrain x="3" y="6" type="Plains" />
    <terrain x="3" y="7" type="Woods" />
    <terrain x="3" y="8" type="Plains" />
    <terrain x="3" y="9" type="Desert" />
    <terrain x="3" y="10" type="Desert" />
    <terrain startUnit="Hovercraft" startUnitOwner="0" x="3" y="11" type="Desert" />
    <terrain x="3" y="12" type="Water" />
    <terrain x="3" y="13" type="Water" />
    <terrain x="3" y="14" type="Water" />
    <terrain x="3" y="15" type="Water" />
    <terrain x="3" y="16" type="Water" />
    <terrain x="3" y="17" type="Water" />
    <terrain x="3" y="18" type="Water" />
    <terrain x="3" y="19" type="Water" />
    <terrain x="3" y="20" type="Water" />
    <terrain x="3" y="21" type="Water" />
    <terrain x="3" y="22" type="Water" />
    <terrain x="3" y="23" type="Water" />
    <terrain x="3" y="24" type="Water" />
    <terrain x="3" y="25" type="Water" />
    <terrain x="3" y="26" type="Water" />
    <terrain x="3" y="27" type="Airfield" />
    <terrain x="3" y="28" type="Water" />
    <terrain x="3" y="29" type="Water" />
    <terrain x="4" y="1" type="Water" />
    <terrain x="4" y="2" type="Water" />
    <terrain x="4" y="3" type="Plains" />
    <terrain x="4" y="4" type="Airfield" />
    <terrain x="4" y="5" type="Plains" />
    <terrain x="4" y="6" type="Mountains" />
    <terrain x="4" y="7" type="Mountains" />
    <terrain x="4" y="8" type="Mountains" />
    <terrain x="4" y="9" type="Plains" />
    <terrain x="4" y="10" type="Desert" />
    <terrain x="4" y="11" type="Desert" />
    <terrain x="4" y="12" type="Desert" />
    <terrain x="4" y="13" type="Water" />
    <terrain x="4" y="14" type="Water" />
    <terrain x="4" y="15" type="Water" />
    <terrain x="4" y="16" type="Water" />
    <terrain x="4" y="17" type="Water" />
    <terrain x="4" y="18" type="Airfield" />
    <terrain x="4" y="19" type="Water" />
    <terrain x="4" y="20" type="Water" />
    <terrain x="4" y="21" type="Water" />
    <terrain x="4" y="22" type="Water" />
    <terrain x="4" y="23" type="Water" />
    <terrain x="4" y="24" type="Water" />
    <terrain x="4" y="25" type="Water" />
    <terrain x="4" y="26" type="Water" />
    <terrain x="4" y="27" type="Water" />
    <terrain x="4" y="28" type="Water" />
    <terrain x="4" y="29" type="Water" />
    <terrain x="5" y="1" type="Water" />
    <terrain x="5" y="2" type="Water" />
    <terrain x="5" y="3" type="Plains" />
    <terrain x="5" y="4" type="Plains" />
    <terrain x="5" y="5" type="Plains" />
    <terrain x="5" y="6" type="Plains" />
    <terrain x="5" y="7" type="Plains" />
    <terrain x="5" y="8" type="Mountains" />
    <terrain x="5" y="9" type="Plains" />
    <terrain x="5" y="10" type="Water" />
    <terrain x="5" y="11" type="Water" />
    <terrain x="5" y="12" type="Desert" />
    <terrain x="5" y="13" type="Water" />
    <terrain x="5" y="14" type="Water" />
    <terrain x="5" y="15" type="Water" />
    <terrain x="5" y="16" type="Water" />
    <terrain x="5" y="17" type="Water" />
    <terrain x="5" y="18" type="Water" />
    <terrain x="5" y="19" type="Water" />
    <terrain x="5" y="20" type="Water" />
    <terrain x="5" y="21" type="Water" />
    <terrain x="5" y="22" type="Water" />
    <terrain startUnit="Hovercraft" startUnitOwner="2" x="5" y="23" type="Water" />
    <terrain x="5" y="24" type="Water" />
    <terrain x="5" y="25" type="Water" />
    <terrain x="5" y="26" type="Water" />
    <terrain x="5" y="27" type="Water" />
    <terrain x="5" y="28" type="Water" />
    <terrain x="5" y="29" type="Plains" />
    <terrain x="5" y="30" type="Plains" />
    <terrain x="6" y="1" type="Water" />
    <terrain x="6" y="2" type="Water" />
    <terrain x="6" y="3" type="Base" />
    <terrain x="6" y="4" type="Plains" />
    <terrain x="6" y="5" type="Plains" />
    <terrain x="6" y="6" type="Plains" />
    <terrain x="6" y="7" type="Plains" />
    <terrain x="6" y="8" type="Plains" />
    <terrain x="6" y="9" type="Plains" />
    <terrain x="6" y="10" type="Water" />
    <terrain x="6" y="11" type="Water" />
    <terrain x="6" y="12" type="Desert" />
    <terrain x="6" y="13" type="Plains" />
    <terrain x="6" y="14" type="Water" />
    <terrain x="6" y="15" type="Water" />
    <terrain x="6" y="16" type="Water" />
    <terrain x="6" y="17" type="Water" />
    <terrain x="6" y="18" type="Water" />
    <terrain x="6" y="19" type="Water" />
    <terrain x="6" y="20" type="Water" />
    <terrain x="6" y="21" type="Water" />
    <terrain x="6" y="22" type="Water" />
    <terrain x="6" y="23" type="Water" />
    <terrain x="6" y="24" type="Water" />
    <terrain x="6" y="25" type="Airfield" />
    <terrain x="6" y="26" type="Water" />
    <terrain x="6" y="27" type="Water" />
    <terrain x="6" y="28" type="Water" />
    <terrain x="6" y="29" type="Plains" />
    <terrain x="6" y="30" type="Base" />
    <terrain x="7" y="0" type="Water" />
    <terrain x="7" y="1" type="Water" />
    <terrain x="7" y="2" type="Plains" />
    <terrain x="7" y="3" type="Plains" />
    <terrain x="7" y="4" type="Plains" />
    <terrain x="7" y="5" type="Plains" />
    <terrain startUnit="Anti Aircraft" startUnitOwner="0" x="7" y="6" type="Plains" />
    <terrain startUnit="Battleship" startUnitOwner="0" x="7" y="7" type="Water" />
    <terrain startUnit="Bomber" startUnitOwner="0" x="7" y="8" type="Mountains" />
    <terrain x="7" y="9" type="Airfield" />
    <terrain x="7" y="10" type="Swamp" />
    <terrain x="7" y="11" type="Water" />
    <terrain x="7" y="12" type="Water" />
    <terrain x="7" y="13" type="Water" />
    <terrain x="7" y="14" type="Harbor" />
    <terrain x="7" y="15" type="Mountains" />
    <terrain x="7" y="16" type="Mountains" />
    <terrain startUnit="Bomber" startUnitOwner="2" x="7" y="17" type="Mountains" />
    <terrain x="7" y="18" type="Water" />
    <terrain startUnit="Battleship" startUnitOwner="2" x="7" y="19" type="Water" />
    <terrain x="7" y="20" type="Water" />
    <terrain x="7" y="21" type="Water" />
    <terrain x="7" y="22" type="Water" />
    <terrain x="7" y="23" type="Water" />
    <terrain x="7" y="24" type="Water" />
    <terrain x="7" y="25" type="Water" />
    <terrain x="7" y="26" type="Water" />
    <terrain x="7" y="27" type="Water" />
    <terrain x="7" y="28" type="Water" />
    <terrain x="7" y="29" type="Plains" />
    <terrain x="7" y="30" type="Plains" />
    <terrain x="8" y="0" type="Water" />
    <terrain startUnit="Hovercraft" startUnitOwner="0" x="8" y="1" type="Water" />
    <terrain x="8" y="2" type="Plains" />
    <terrain x="8" y="3" type="Plains" />
    <terrain x="8" y="4" type="Water" />
    <terrain x="8" y="5" type="Water" />
    <terrain startUnit="Trooper" startUnitOwner="0" x="8" y="6" type="Plains" />
    <terrain x="8" y="7" type="Harbor" />
    <terrain x="8" y="8" type="Plains" />
    <terrain x="8" y="9" type="Water" />
    <terrain x="8" y="10" type="Water" />
    <terrain x="8" y="11" type="Water" />
    <terrain x="8" y="12" type="Plains" />
    <terrain x="8" y="13" type="Water" />
    <terrain x="8" y="14" type="Mountains" />
    <terrain startUnit="Anti Aircraft" startUnitOwner="2" x="8" y="15" type="Plains" />
    <terrain x="8" y="16" type="Plains" />
    <terrain startFaction="2" x="8" y="17" type="Base" />
    <terrain x="8" y="18" type="Mountains" />
    <terrain x="8" y="19" type="Mountains" />
    <terrain x="8" y="20" type="Water" />
    <terrain x="8" y="21" type="Mountains" />
    <terrain x="8" y="22" type="Water" />
    <terrain x="8" y="23" type="Water" />
    <terrain x="8" y="24" type="Water" />
    <terrain x="8" y="25" type="Water" />
    <terrain x="8" y="26" type="Water" />
    <terrain x="8" y="27" type="Water" />
    <terrain x="8" y="28" type="Water" />
    <terrain x="8" y="29" type="Plains" />
    <terrain x="8" y="30" type="Plains" />
    <terrain x="9" y="0" type="Water" />
    <terrain x="9" y="1" type="Water" />
    <terrain x="9" y="2" type="Plains" />
    <terrain x="9" y="3" type="Water" />
    <terrain x="9" y="4" type="Water" />
    <terrain startFaction="0" x="9" y="5" type="Base" />
    <terrain x="9" y="6" type="Plains" />
    <terrain x="9" y="7" type="Plains" />
    <terrain x="9" y="8" type="Water" />
    <terrain x="9" y="9" type="Water" />
    <terrain x="9" y="10" type="Water" />
    <terrain x="9" y="11" type="Water" />
    <terrain x="9" y="12" type="Water" />
    <terrain x="9" y="13" type="Water" />
    <terrain x="9" y="14" type="Mountains" />
    <terrain x="9" y="15" type="Woods" />
    <terrain startUnit="Trooper" startUnitOwner="2" x="9" y="16" type="Woods" />
    <terrain x="9" y="17" type="Woods" />
    <terrain startUnit="Anti Aircraft" startUnitOwner="2" x="9" y="18" type="Woods" />
    <terrain x="9" y="19" type="Plains" />
    <terrain x="9" y="20" type="Mountains" />
    <terrain x="9" y="21" type="Plains" />
    <terrain x="9" y="22" type="Mountains" />
    <terrain x="9" y="23" type="Base" />
    <terrain x="9" y="24" type="Mountains" />
    <terrain x="9" y="25" type="Plains" />
    <terrain x="9" y="26" type="Water" />
    <terrain x="9" y="27" type="Water" />
    <terrain x="9" y="28" type="Water" />
    <terrain x="9" y="29" type="Plains" />
    <terrain x="9" y="30" type="Plains" />
    <terrain x="10" y="0" type="Water" />
    <terrain x="10" y="1" type="Airfield" />
    <terrain x="10" y="2" type="Water" />
    <terrain x="10" y="3" type="Water" />
    <terrain x="10" y="4" type="Plains" />
    <terrain x="10" y="5" type="Plains" />
    <terrain startUnit="Anti Aircraft" startUnitOwner="0" x="10" y="6" type="Plains" />
    <terrain x="10" y="7" type="Water" />
    <terrain x="10" y="8" type="Water" />
    <terrain x="10" y="9" type="Water" />
    <terrain x="10" y="10" type="Water" />
    <terrain x="10" y="11" type="Airfield" />
    <terrain x="10" y="12" type="Water" />
    <terrain x="10" y="13" type="Water" />
    <terrain x="10" y="14" type="Plains" />
    <terrain x="10" y="15" type="Woods" />
    <terrain x="10" y="16" type="Woods" />
    <terrain x="10" y="17" type="Woods" />
    <terrain x="10" y="18" type="Woods" />
    <terrain x="10" y="19" type="Woods" />
    <terrain x="10" y="20" type="Woods" />
    <terrain x="10" y="21" type="Woods" />
    <terrain x="10" y="22" type="Plains" />
    <terrain x="10" y="23" type="Water" />
    <terrain x="10" y="24" type="Water" />
    <terrain x="10" y="25" type="Water" />
    <terrain x="10" y="26" type="Water" />
    <terrain x="10" y="27" type="Water" />
    <terrain x="10" y="28" type="Water" />
    <terrain x="10" y="29" type="Airfield" />
    <terrain x="10" y="30" type="Plains" />
    <terrain x="11" y="0" type="Water" />
    <terrain x="11" y="1" type="Plains" />
    <terrain x="11" y="2" type="Water" />
    <terrain x="11" y="3" type="Water" />
    <terrain x="11" y="4" type="Water" />
    <terrain x="11" y="5" type="Water" />
    <terrain x="11" y="6" type="Plains" />
    <terrain x="11" y="7" type="Water" />
    <terrain x="11" y="8" type="Water" />
    <terrain x="11" y="9" type="Water" />
    <terrain x="11" y="10" type="Water" />
    <terrain x="11" y="11" type="Water" />
    <terrain x="11" y="12" type="Water" />
    <terrain x="11" y="13" type="Water" />
    <terrain x="11" y="14" type="Water" />
    <terrain x="11" y="15" type="Water" />
    <terrain x="11" y="16" type="Airfield" />
    <terrain x="11" y="17" type="Woods" />
    <terrain x="11" y="18" type="Woods" />
    <terrain x="11" y="19" type="Plains" />
    <terrain x="11" y="20" type="Airfield" />
    <terrain x="11" y="21" type="Water" />
    <terrain x="11" y="22" type="Water" />
    <terrain x="11" y="23" type="Water" />
    <terrain x="11" y="24" type="Water" />
    <terrain x="11" y="25" type="Water" />
    <terrain x="11" y="26" type="Water" />
    <terrain x="11" y="27" type="Water" />
    <terrain x="11" y="28" type="Base" />
    <terrain x="11" y="29" type="Harbor" />
    <terrain x="11" y="30" type="Plains" />
    <terrain x="12" y="0" type="Water" />
    <terrain x="12" y="1" type="Plains" />
    <terrain x="12" y="2" type="Water" />
    <terrain x="12" y="3" type="Plains" />
    <terrain x="12" y="4" type="Water" />
    <terrain x="12" y="5" type="Water" />
    <terrain x="12" y="6" type="Water" />
    <terrain x="12" y="7" type="Water" />
    <terrain x="12" y="8" type="Water" />
    <terrain x="12" y="9" type="Water" />
    <terrain x="12" y="10" type="Water" />
    <terrain x="12" y="11" type="Water" />
    <terrain x="12" y="12" type="Water" />
    <terrain x="12" y="13" type="Water" />
    <terrain x="12" y="14" type="Water" />
    <terrain x="12" y="15" type="Water" />
    <terrain x="12" y="16" type="Woods" />
    <terrain x="12" y="17" type="Woods" />
    <terrain x="12" y="18" type="Woods" />
    <terrain x="12" y="19" type="Water" />
    <terrain x="12" y="20" type="Water" />
    <terrain x="12" y="21" type="Water" />
    <terrain x="12" y="22" type="Water" />
    <terrain x="12" y="23" type="Water" />
    <terrain x="12" y="24" type="Water" />
    <terrain x="12" y="25" type="Water" />
    <terrain x="12" y="26" type="Water" />
    <terrain x="12" y="27" type="Water" />
    <terrain x="12" y="28" type="Plains" />
    <terrain x="12" y="29" type="Water" />
    <terrain x="12" y="30" type="Plains" />
    <terrain x="13" y="0" type="Water" />
    <terrain x="13" y="1" type="Plains" />
    <terrain x="13" y="2" type="Harbor" />
    <terrain x="13" y="3" type="Plains" />
    <terrain x="13" y="4" type="Base" />
    <terrain x="13" y="5" type="Water" />
    <terrain x="13" y="6" type="Water" />
    <terrain x="13" y="7" type="Water" />
    <terrain x="13" y="8" type="Water" />
    <terrain x="13" y="9" type="Water" />
    <terrain x="13" y="10" type="Water" />
    <terrain x="13" y="11" type="Water" />
    <terrain x="13" y="12" type="Water" />
    <terrain x="13" y="13" type="Water" />
    <terrain x="13" y="14" type="Water" />
    <terrain startUnit="Hovercraft" startUnitOwner="2" x="13" y="15" type="Water" />
    <terrain x="13" y="16" type="Water" />
    <terrain x="13" y="17" type="Water" />
    <terrain x="13" y="18" type="Water" />
    <terrain x="13" y="19" type="Water" />
    <terrain x="13" y="20" type="Water" />
    <terrain x="13" y="21" type="Water" />
    <terrain x="13" y="22" type="Water" />
    <terrain x="13" y="23" type="Water" />
    <terrain x="13" y="24" type="Water" />
    <terrain x="13" y="25" type="Water" />
    <terrain x="13" y="26" type="Water" />
    <terrain x="13" y="27" type="Water" />
    <terrain x="13" y="28" type="Water" />
    <terrain x="13" y="29" type="Water" />
    <terrain x="13" y="30" type="Plains" />
    <terrain x="14" y="0" type="Water" />
    <terrain x="14" y="1" type="Plains" />
    <terrain x="14" y="2" type="Plains" />
    <terrain x="14" y="3" type="Plains" />
    <terrain x="14" y="4" type="Water" />
    <terrain x="14" y="5" type="Water" />
    <terrain x="14" y="6" type="Airfield" />
    <terrain x="14" y="7" type="Water" />
    <terrain x="14" y="8" type="Water" />
    <terrain x="14" y="9" type="Water" />
    <terrain x="14" y="10" type="Water" />
    <terrain x="14" y="11" type="Water" />
    <terrain x="14" y="12" type="Airfield" />
    <terrain x="14" y="13" type="Water" />
    <terrain x="14" y="14" type="Water" />
    <terrain x="14" y="15" type="Water" />
    <terrain x="14" y="16" type="Water" />
    <terrain x="14" y="17" type="Water" />
    <terrain x="14" y="18" type="Water" />
    <terrain x="14" y="19" type="Water" />
    <terrain x="14" y="20" type="Water" />
    <terrain x="14" y="21" type="Water" />
    <terrain x="14" y="22" type="Water" />
    <terrain x="14" y="23" type="Water" />
    <terrain x="14" y="24" type="Airfield" />
    <terrain x="14" y="25" type="Water" />
    <terrain x="14" y="26" type="Water" />
    <terrain x="14" y="27" type="Water" />
    <terrain x="14" y="28" type="Water" />
    <terrain x="14" y="29" type="Water" />
    <terrain x="14" y="30" type="Plains" />
    <terrain x="15" y="0" type="Water" />
    <terrain x="15" y="1" type="Base" />
    <terrain x="15" y="2" type="Plains" />
    <terrain x="15" y="3" type="Water" />
    <terrain x="15" y="4" type="Water" />
    <terrain x="15" y="5" type="Water" />
    <terrain x="15" y="6" type="Water" />
    <terrain x="15" y="7" type="Water" />
    <terrain startUnit="Hovercraft" startUnitOwner="5" x="15" y="8" type="Water" />
    <terrain x="15" y="9" type="Water" />
    <terrain x="15" y="10" type="Water" />
    <terrain x="15" y="11" type="Desert" />
    <terrain x="15" y="12" type="Water" />
    <terrain x="15" y="13" type="Desert" />
    <terrain x="15" y="14" type="Water" />
    <terrain x="15" y="15" type="Water" />
    <terrain x="15" y="16" type="Water" />
    <terrain x="15" y="17" type="Water" />
    <terrain x="15" y="18" type="Water" />
    <terrain x="15" y="19" type="Water" />
    <terrain x="15" y="20" type="Water" />
    <terrain x="15" y="21" type="Water" />
    <terrain x="15" y="22" type="Water" />
    <terrain x="15" y="23" type="Water" />
    <terrain x="15" y="24" type="Water" />
    <terrain x="15" y="25" type="Water" />
    <terrain x="15" y="26" type="Water" />
    <terrain x="15" y="27" type="Water" />
    <terrain x="15" y="28" type="Water" />
    <terrain x="15" y="29" type="Water" />
    <terrain x="15" y="30" type="Plains" />
    <terrain x="16" y="0" type="Water" />
    <terrain x="16" y="1" type="Plains" />
    <terrain x="16" y="2" type="Plains" />
    <terrain x="16" y="3" type="Water" />
    <terrain x="16" y="4" type="Airfield" />
    <terrain x="16" y="5" type="Water" />
    <terrain x="16" y="6" type="Water" />
    <terrain x="16" y="7" type="Water" />
    <terrain x="16" y="8" type="Water" />
    <terrain x="16" y="9" type="Water" />
    <terrain x="16" y="10" type="Desert" />
    <terrain x="16" y="11" type="Desert" />
    <terrain x="16" y="12" type="Desert" />
    <terrain x="16" y="13" type="Base" />
    <terrain x="16" y="14" type="Desert" />
    <terrain x="16" y="15" type="Water" />
    <terrain x="16" y="16" type="Water" />
    <terrain x="16" y="17" type="Water" />
    <terrain x="16" y="18" type="Airfield" />
    <terrain x="16" y="19" type="Water" />
    <terrain x="16" y="20" type="Water" />
    <terrain x="16" y="21" type="Water" />
    <terrain x="16" y="22" type="Water" />
    <terrain x="16" y="23" type="Water" />
    <terrain x="16" y="24" type="Water" />
    <terrain x="16" y="25" type="Harbor" />
    <terrain x="16" y="26" type="Water" />
    <terrain x="16" y="27" type="Water" />
    <terrain x="16" y="28" type="Water" />
    <terrain x="16" y="29" type="Plains" />
    <terrain x="16" y="30" type="Plains" />
    <terrain x="17" y="0" type="Water" />
    <terrain x="17" y="1" type="Water" />
    <terrain x="17" y="2" type="Water" />
    <terrain x="17" y="3" type="Water" />
    <terrain x="17" y="4" type="Water" />
    <terrain x="17" y="5" type="Harbor" />
    <terrain x="17" y="6" type="Water" />
    <terrain x="17" y="7" type="Airfield" />
    <terrain x="17" y="8" type="Mountains" />
    <terrain x="17" y="9" type="Harbor" />
    <terrain x="17" y="10" type="Desert" />
    <terrain x="17" y="11" type="Airfield" />
    <terrain x="17" y="12" type="Desert" />
    <terrain x="17" y="13" type="Desert" />
    <terrain x="17" y="14" type="Desert" />
    <terrain x="17" y="15" type="Water" />
    <terrain x="17" y="16" type="Water" />
    <terrain x="17" y="17" type="Water" />
    <terrain x="17" y="18" type="Water" />
    <terrain x="17" y="19" type="Water" />
    <terrain x="17" y="20" type="Water" />
    <terrain x="17" y="21" type="Water" />
    <terrain x="17" y="22" type="Water" />
    <terrain x="17" y="23" type="Water" />
    <terrain x="17" y="24" type="Water" />
    <terrain x="17" y="25" type="Water" />
    <terrain x="17" y="26" type="Water" />
    <terrain x="17" y="27" type="Water" />
    <terrain x="17" y="28" type="Water" />
    <terrain x="17" y="29" type="Plains" />
    <terrain x="17" y="30" type="Plains" />
    <terrain x="18" y="0" type="Water" />
    <terrain x="18" y="1" type="Water" />
    <terrain x="18" y="2" type="Water" />
    <terrain x="18" y="3" type="Water" />
    <terrain x="18" y="4" type="Water" />
    <terrain startUnit="Battleship" startUnitOwner="5" x="18" y="5" type="Water" />
    <terrain startFaction="5" x="18" y="6" type="Base" />
    <terrain startUnit="Bomber" startUnitOwner="5" x="18" y="7" type="Plains" />
    <terrain x="18" y="8" type="Water" />
    <terrain x="18" y="9" type="Mountains" />
    <terrain x="18" y="10" type="Desert" />
    <terrain x="18" y="11" type="Desert" />
    <terrain x="18" y="12" type="Desert" />
    <terrain x="18" y="13" type="Desert" />
    <terrain x="18" y="14" type="Desert" />
    <terrain x="18" y="15" type="Water" />
    <terrain x="18" y="16" type="Water" />
    <terrain x="18" y="17" type="Water" />
    <terrain x="18" y="18" type="Water" />
    <terrain x="18" y="19" type="Water" />
    <terrain x="18" y="20" type="Water" />
    <terrain x="18" y="21" type="Water" />
    <terrain x="18" y="22" type="Water" />
    <terrain x="18" y="23" type="Water" />
    <terrain x="18" y="24" type="Water" />
    <terrain x="18" y="25" type="Water" />
    <terrain x="18" y="26" type="Water" />
    <terrain x="18" y="27" type="Water" />
    <terrain x="18" y="28" type="Water" />
    <terrain x="18" y="29" type="Plains" />
    <terrain x="18" y="30" type="Plains" />
    <terrain x="19" y="0" type="Water" />
    <terrain x="19" y="1" type="Airfield" />
    <terrain x="19" y="2" type="Water" />
    <terrain startUnit="Anti Aircraft" startUnitOwner="5" x="19" y="3" type="Plains" />
    <terrain x="19" y="4" type="Plains" />
    <terrain x="19" y="5" type="Plains" />
    <terrain startUnit="Anti Aircraft" startUnitOwner="5" x="19" y="6" type="Plains" />
    <terrain startUnit="Trooper" startUnitOwner="5" x="19" y="7" type="Plains" />
    <terrain x="19" y="8" type="Water" />
    <terrain x="19" y="9" type="Water" />
    <terrain x="19" y="10" type="Desert" />
    <terrain x="19" y="11" type="Desert" />
    <terrain x="19" y="12" type="Desert" />
    <terrain x="19" y="13" type="Desert" />
    <terrain x="19" y="14" type="Desert" />
    <terrain x="19" y="15" type="Harbor" />
    <terrain x="19" y="16" type="Desert" />
    <terrain x="19" y="17" type="Desert" />
    <terrain x="19" y="18" type="Water" />
    <terrain x="19" y="19" type="Desert" />
    <terrain x="19" y="20" type="Water" />
    <terrain x="19" y="21" type="Water" />
    <terrain x="19" y="22" type="Water" />
    <terrain x="19" y="23" type="Water" />
    <terrain x="19" y="24" type="Water" />
    <terrain x="19" y="25" type="Water" />
    <terrain x="19" y="26" type="Water" />
    <terrain x="19" y="27" type="Water" />
    <terrain x="19" y="28" type="Water" />
    <terrain x="19" y="29" type="Plains" />
    <terrain x="19" y="30" type="Base" />
    <terrain x="20" y="0" type="Water" />
    <terrain x="20" y="1" type="Water" />
    <terrain x="20" y="2" type="Water" />
    <terrain x="20" y="3" type="Plains" />
    <terrain x="20" y="4" type="Base" />
    <terrain x="20" y="5" type="Plains" />
    <terrain x="20" y="6" type="Plains" />
    <terrain x="20" y="7" type="Plains" />
    <terrain x="20" y="8" type="Water" />
    <terrain x="20" y="9" type="Water" />
    <terrain x="20" y="10" type="Desert" />
    <terrain x="20" y="11" type="Base" />
    <terrain x="20" y="12" type="Desert" />
    <terrain startUnit="Hovercraft" startUnitOwner="4" x="20" y="13" type="Desert" />
    <terrain x="20" y="14" type="Desert" />
    <terrain x="20" y="15" type="Desert" />
    <terrain x="20" y="16" type="Desert" />
    <terrain startUnit="Anti Aircraft" startUnitOwner="4" x="20" y="17" type="Desert" />
    <terrain x="20" y="18" type="Desert" />
    <terrain x="20" y="19" type="Desert" />
    <terrain x="20" y="20" type="Airfield" />
    <terrain x="20" y="21" type="Plains" />
    <terrain x="20" y="22" type="Water" />
    <terrain x="20" y="23" type="Water" />
    <terrain x="20" y="24" type="Water" />
    <terrain x="20" y="25" type="Water" />
    <terrain x="20" y="26" type="Water" />
    <terrain x="20" y="27" type="Water" />
    <terrain x="20" y="28" type="Water" />
    <terrain x="20" y="29" type="Plains" />
    <terrain x="20" y="30" type="Plains" />
    <terrain x="21" y="0" type="Water" />
    <terrain startUnit="Hovercraft" startUnitOwner="5" x="21" y="1" type="Water" />
    <terrain x="21" y="2" type="Water" />
    <terrain x="21" y="3" type="Plains" />
    <terrain x="21" y="4" type="Plains" />
    <terrain x="21" y="5" type="Plains" />
    <terrain x="21" y="6" type="Plains" />
    <terrain x="21" y="7" type="Water" />
    <terrain x="21" y="8" type="Base" />
    <terrain x="21" y="9" type="Water" />
    <terrain x="21" y="10" type="Desert" />
    <terrain x="21" y="11" type="Desert" />
    <terrain x="21" y="12" type="Desert" />
    <terrain x="21" y="13" type="Desert" />
    <terrain x="21" y="14" type="Desert" />
    <terrain x="21" y="15" type="Desert" />
    <terrain x="21" y="16" type="Desert" />
    <terrain x="21" y="17" type="Desert" />
    <terrain startUnit="Trooper" startUnitOwner="4" x="21" y="18" type="Desert" />
    <terrain startUnit="Bomber" startUnitOwner="4" x="21" y="19" type="Desert" />
    <terrain x="21" y="20" type="Plains" />
    <terrain x="21" y="21" type="Plains" />
    <terrain x="21" y="22" type="Water" />
    <terrain x="21" y="23" type="Water" />
    <terrain x="21" y="24" type="Airfield" />
    <terrain x="21" y="25" type="Water" />
    <terrain x="21" y="26" type="Water" />
    <terrain x="21" y="27" type="Water" />
    <terrain x="21" y="28" type="Water" />
    <terrain x="21" y="29" type="Base" />
    <terrain x="21" y="30" type="Airfield" />
    <terrain x="22" y="0" type="Water" />
    <terrain x="22" y="1" type="Water" />
    <terrain x="22" y="2" type="Water" />
    <terrain x="22" y="3" type="Airfield" />
    <terrain x="22" y="4" type="Plains" />
    <terrain x="22" y="5" type="Plains" />
    <terrain x="22" y="6" type="Base" />
    <terrain x="22" y="7" type="Woods" />
    <terrain x="22" y="8" type="Plains" />
    <terrain x="22" y="9" type="Plains" />
    <terrain x="22" y="10" type="Harbor" />
    <terrain x="22" y="11" type="Water" />
    <terrain x="22" y="12" type="Desert" />
    <terrain x="22" y="13" type="Desert" />
    <terrain x="22" y="14" type="Airfield" />
    <terrain x="22" y="15" type="Mountains" />
    <terrain x="22" y="16" type="Water" />
    <terrain x="22" y="17" type="Desert" />
    <terrain startFaction="4" x="22" y="18" type="Base" />
    <terrain startUnit="Battleship" startUnitOwner="4" x="22" y="19" type="Water" />
    <terrain startUnit="Anti Aircraft" startUnitOwner="4" x="22" y="20" type="Plains" />
    <terrain x="22" y="21" type="Water" />
    <terrain x="22" y="22" type="Water" />
    <terrain x="22" y="23" type="Water" />
    <terrain startUnit="Hovercraft" startUnitOwner="4" x="22" y="24" type="Water" />
    <terrain x="22" y="25" type="Water" />
    <terrain x="22" y="26" type="Water" />
    <terrain x="22" y="27" type="Water" />
    <terrain x="22" y="28" type="Water" />
    <terrain x="22" y="29" type="Plains" />
    <terrain x="22" y="30" type="Plains" />
    <terrain x="23" y="0" type="Water" />
    <terrain x="23" y="1" type="Harbor" />
    <terrain x="23" y="2" type="Water" />
    <terrain x="23" y="3" type="Plains" />
    <terrain x="23" y="4" type="Plains" />
    <terrain x="23" y="5" type="Plains" />
    <terrain x="23" y="6" type="Plains" />
    <terrain x="23" y="7" type="Mountains" />
    <terrain x="23" y="8" type="Plains" />
    <terrain x="23" y="9" type="Plains" />
    <terrain x="23" y="10" type="Plains" />
    <terrain x="23" y="11" type="Plains" />
    <terrain x="23" y="12" type="Water" />
    <terrain x="23" y="13" type="Water" />
    <terrain x="23" y="14" type="Mountains" />
    <terrain x="23" y="15" type="Desert" />
    <terrain x="23" y="16" type="Desert" />
    <terrain x="23" y="17" type="Water" />
    <terrain x="23" y="18" type="Water" />
    <terrain x="23" y="19" type="Plains" />
    <terrain x="23" y="20" type="Water" />
    <terrain x="23" y="21" type="Water" />
    <terrain x="23" y="22" type="Water" />
    <terrain x="23" y="23" type="Water" />
    <terrain x="23" y="24" type="Water" />
    <terrain x="23" y="25" type="Water" />
    <terrain x="23" y="26" type="Water" />
    <terrain x="23" y="27" type="Water" />
    <terrain x="23" y="28" type="Water" />
    <terrain x="23" y="29" type="Plains" />
    <terrain x="23" y="30" type="Plains" />
    <terrain x="24" y="0" type="Water" />
    <terrain x="24" y="1" type="Water" />
    <terrain x="24" y="2" type="Water" />
    <terrain x="24" y="3" type="Plains" />
    <terrain x="24" y="4" type="Plains" />
    <terrain x="24" y="5" type="Mountains" />
    <terrain x="24" y="6" type="Plains" />
    <terrain x="24" y="7" type="Plains" />
    <terrain x="24" y="8" type="Water" />
    <terrain x="24" y="9" type="Plains" />
    <terrain x="24" y="10" type="Plains" />
    <terrain x="24" y="11" type="Airfield" />
    <terrain x="24" y="12" type="Desert" />
    <terrain x="24" y="13" type="Water" />
    <terrain x="24" y="14" type="Desert" />
    <terrain x="24" y="15" type="Water" />
    <terrain x="24" y="16" type="Water" />
    <terrain x="24" y="17" type="Water" />
    <terrain x="24" y="18" type="Harbor" />
    <terrain x="24" y="19" type="Water" />
    <terrain x="24" y="20" type="Water" />
    <terrain x="24" y="21" type="Water" />
    <terrain x="24" y="22" type="Water" />
    <terrain x="24" y="23" type="Water" />
    <terrain x="24" y="24" type="Water" />
    <terrain x="24" y="25" type="Water" />
    <terrain x="24" y="26" type="Water" />
    <terrain x="24" y="27" type="Water" />
    <terrain x="24" y="28" type="Water" />
    <terrain x="24" y="29" type="Base" />
    <terrain x="24" y="30" type="Plains" />
    <terrain x="25" y="0" type="Water" />
    <terrain x="25" y="1" type="Water" />
    <terrain x="25" y="2" type="Water" />
    <terrain x="25" y="3" type="Mountains" />
    <terrain x="25" y="4" type="Mountains" />
    <terrain x="25" y="5" type="Base" />
    <terrain x="25" y="6" type="Plains" />
    <terrain x="25" y="7" type="Plains" />
    <terrain x="25" y="8" type="Plains" />
    <terrain x="25" y="9" type="Mountains" />
    <terrain x="25" y="10" type="Mountains" />
    <terrain x="25" y="11" type="Mountains" />
    <terrain x="25" y="12" type="Desert" />
    <terrain x="25" y="13" type="Water" />
    <terrain x="25" y="14" type="Water" />
    <terrain x="25" y="15" type="Water" />
    <terrain x="25" y="16" type="Water" />
    <terrain x="25" y="17" type="Water" />
    <terrain x="25" y="18" type="Water" />
    <terrain x="25" y="19" type="Water" />
    <terrain x="25" y="20" type="Water" />
    <terrain x="25" y="21" type="Water" />
    <terrain x="25" y="22" type="Water" />
    <terrain x="25" y="23" type="Water" />
    <terrain x="25" y="24" type="Water" />
    <terrain x="25" y="25" type="Water" />
    <terrain x="25" y="26" type="Water" />
    <terrain x="25" y="27" type="Water" />
    <terrain x="25" y="28" type="Water" />
    <terrain x="25" y="29" type="Plains" />
    <terrain x="25" y="30" type="Plains" />
    <terrain x="26" y="0" type="Water" />
    <terrain x="26" y="1" type="Plains" />
    <terrain x="26" y="2" type="Plains" />
    <terrain x="26" y="3" type="Plains" />
    <terrain x="26" y="4" type="Plains" />
    <terrain x="26" y="5" type="Plains" />
    <terrain x="26" y="6" type="Plains" />
    <terrain x="26" y="7" type="Plains" />
    <terrain x="26" y="8" type="Plains" />
    <terrain x="26" y="9" type="Plains" />
    <terrain x="26" y="10" type="Mountains" />
    <terrain x="26" y="11" type="Water" />
    <terrain x="26" y="12" type="Water" />
    <terrain x="26" y="13" type="Water" />
    <terrain x="26" y="14" type="Water" />
    <terrain x="26" y="15" type="Water" />
    <terrain x="26" y="16" type="Water" />
    <terrain x="26" y="17" type="Water" />
    <terrain x="26" y="18" type="Water" />
    <terrain x="26" y="19" type="Water" />
    <terrain x="26" y="20" type="Water" />
    <terrain x="26" y="21" type="Water" />
    <terrain x="26" y="22" type="Water" />
    <terrain x="26" y="23" type="Water" />
    <terrain x="26" y="24" type="Water" />
    <terrain x="26" y="25" type="Water" />
    <terrain x="26" y="26" type="Airfield" />
    <terrain x="26" y="27" type="Water" />
    <terrain x="26" y="28" type="Water" />
    <terrain x="26" y="29" type="Plains" />
    <terrain x="26" y="30" type="Plains" />
    <terrain x="27" y="0" type="Water" />
    <terrain x="27" y="1" type="Water" />
    <terrain x="27" y="2" type="Plains" />
    <terrain x="27" y="3" type="Plains" />
    <terrain x="27" y="4" type="Plains" />
    <terrain x="27" y="5" type="Plains" />
    <terrain x="27" y="6" type="Plains" />
    <terrain x="27" y="7" type="Mountains" />
    <terrain x="27" y="8" type="Airfield" />
    <terrain x="27" y="9" type="Plains" />
    <terrain x="27" y="10" type="Mountains" />
    <terrain x="27" y="11" type="Plains" />
    <terrain x="27" y="12" type="Water" />
    <terrain x="27" y="13" type="Water" />
    <terrain x="27" y="14" type="Water" />
    <terrain x="27" y="15" type="Airfield" />
    <terrain x="27" y="16" type="Water" />
    <terrain x="27" y="17" type="Water" />
    <terrain x="27" y="18" type="Water" />
    <terrain x="27" y="19" type="Water" />
    <terrain x="27" y="20" type="Water" />
    <terrain x="27" y="21" type="Water" />
    <terrain x="27" y="22" type="Airfield" />
    <terrain x="27" y="23" type="Water" />
    <terrain x="27" y="24" type="Water" />
    <terrain x="27" y="25" type="Water" />
    <terrain x="27" y="26" type="Water" />
    <terrain x="27" y="27" type="Water" />
    <terrain x="27" y="28" type="Water" />
    <terrain x="27" y="29" type="Plains" />
    <terrain x="27" y="30" type="Plains" />
    <terrain x="28" y="0" type="Water" />
    <terrain x="28" y="1" type="Water" />
    <terrain startUnit="Anti Aircraft" startUnitOwner="1" x="28" y="2" type="Plains" />
    <terrain startUnit="Trooper" startUnitOwner="1" x="28" y="3" type="Plains" />
    <terrain x="28" y="4" type="Plains" />
    <terrain startUnit="Bomber" startUnitOwner="1" x="28" y="5" type="Plains" />
    <terrain x="28" y="6" type="Plains" />
    <terrain x="28" y="7" type="Plains" />
    <terrain x="28" y="8" type="Plains" />
    <terrain x="28" y="9" type="Mountains" />
    <terrain x="28" y="10" type="Plains" />
    <terrain x="28" y="11" type="Base" />
    <terrain x="28" y="12" type="Desert" />
    <terrain x="28" y="13" type="Water" />
    <terrain x="28" y="14" type="Water" />
    <terrain x="28" y="15" type="Water" />
    <terrain x="28" y="16" type="Water" />
    <terrain x="28" y="17" type="Water" />
    <terrain x="28" y="18" type="Water" />
    <terrain x="28" y="19" type="Water" />
    <terrain x="28" y="20" type="Water" />
    <terrain x="28" y="21" type="Water" />
    <terrain x="28" y="22" type="Water" />
    <terrain x="28" y="23" type="Water" />
    <terrain x="28" y="24" type="Water" />
    <terrain x="28" y="25" type="Water" />
    <terrain x="28" y="26" type="Water" />
    <terrain x="28" y="27" type="Water" />
    <terrain x="28" y="28" type="Water" />
    <terrain x="28" y="29" type="Harbor" />
    <terrain x="28" y="30" type="Plains" />
    <terrain x="29" y="0" type="Water" />
    <terrain x="29" y="1" type="Water" />
    <terrain startUnit="Battleship" startUnitOwner="1" x="29" y="2" type="Water" />
    <terrain x="29" y="3" type="Plains" />
    <terrain startFaction="1" x="29" y="4" type="Base" />
    <terrain x="29" y="5" type="Plains" />
    <terrain startUnit="Anti Aircraft" startUnitOwner="1" x="29" y="6" type="Plains" />
    <terrain x="29" y="7" type="Mountains" />
    <terrain x="29" y="8" type="Plains" />
    <terrain x="29" y="9" type="Plains" />
    <terrain x="29" y="10" type="Mountains" />
    <terrain startUnit="Hovercraft" startUnitOwner="1" x="29" y="11" type="Plains" />
    <terrain x="29" y="12" type="Water" />
    <terrain x="29" y="13" type="Water" />
    <terrain x="29" y="14" type="Water" />
    <terrain x="29" y="15" type="Water" />
    <terrain x="29" y="16" type="Water" />
    <terrain x="29" y="17" type="Water" />
    <terrain x="29" y="18" type="Water" />
    <terrain x="29" y="19" type="Water" />
    <terrain x="29" y="20" type="Water" />
    <terrain x="29" y="21" type="Water" />
    <terrain x="29" y="22" type="Water" />
    <terrain x="29" y="23" type="Water" />
    <terrain x="29" y="24" type="Water" />
    <terrain x="29" y="25" type="Water" />
    <terrain x="29" y="26" type="Water" />
    <terrain x="29" y="27" type="Water" />
    <terrain x="29" y="28" type="Water" />
    <terrain x="29" y="29" type="Plains" />
    <terrain x="29" y="30" type="Plains" />
    <terrain x="30" y="0" type="Water" />
    <terrain x="30" y="1" type="Water" />
    <terrain x="30" y="2" type="Water" />
    <terrain x="30" y="3" type="Plains" />
    <terrain x="30" y="4" type="Plains" />
    <terrain x="30" y="5" type="Mountains" />
    <terrain x="30" y="6" type="Plains" />
    <terrain x="30" y="7" type="Plains" />
    <terrain x="30" y="8" type="Plains" />
    <terrain x="30" y="9" type="Plains" />
    <terrain x="30" y="10" type="Mountains" />
    <terrain x="30" y="11" type="Plains" />
    <terrain x="30" y="12" type="Water" />
    <terrain x="30" y="13" type="Water" />
    <terrain x="30" y="14" type="Water" />
    <terrain x="30" y="15" type="Plains" />
    <terrain x="30" y="16" type="Water" />
    <terrain x="30" y="17" type="Water" />
    <terrain x="30" y="18" type="Water" />
    <terrain x="30" y="19" type="Water" />
    <terrain x="30" y="20" type="Water" />
    <terrain x="30" y="21" type="Water" />
    <terrain x="30" y="22" type="Airfield" />
    <terrain x="30" y="23" type="Water" />
    <terrain x="30" y="24" type="Water" />
    <terrain x="30" y="25" type="Water" />
    <terrain x="30" y="26" type="Water" />
    <terrain x="30" y="27" type="Water" />
    <terrain x="30" y="28" type="Water" />
    <terrain x="30" y="29" type="Plains" />
    <terrain x="30" y="30" type="Airfield" />
    <terrain x="31" y="0" type="Water" />
    <terrain x="31" y="1" type="Water" />
    <terrain x="31" y="2" type="Airfield" />
    <terrain x="31" y="3" type="Harbor" />
    <terrain x="31" y="4" type="Plains" />
    <terrain x="31" y="5" type="Plains" />
    <terrain x="31" y="6" type="Plains" />
    <terrain x="31" y="7" type="Plains" />
    <terrain x="31" y="8" type="Mountains" />
    <terrain x="31" y="9" type="Woods" />
    <terrain x="31" y="10" type="Swamp" />
    <terrain x="31" y="11" type="Swamp" />
    <terrain x="31" y="12" type="Plains" />
    <terrain x="31" y="13" type="Desert" />
    <terrain x="31" y="14" type="Water" />
    <terrain x="31" y="15" type="Water" />
    <terrain x="31" y="16" type="Airfield" />
    <terrain x="31" y="17" type="Water" />
    <terrain x="31" y="18" type="Water" />
    <terrain x="31" y="19" type="Water" />
    <terrain x="31" y="20" type="Water" />
    <terrain x="31" y="21" type="Water" />
    <terrain x="31" y="22" type="Water" />
    <terrain x="31" y="23" type="Water" />
    <terrain x="31" y="24" type="Water" />
    <terrain x="31" y="25" type="Water" />
    <terrain x="31" y="26" type="Water" />
    <terrain x="31" y="27" type="Water" />
    <terrain x="31" y="28" type="Water" />
    <terrain x="31" y="29" type="Plains" />
    <terrain x="31" y="30" type="Base" />
    <terrain x="32" y="0" type="Water" />
    <terrain x="32" y="1" type="Water" />
    <terrain x="32" y="2" type="Water" />
    <terrain x="32" y="3" type="Plains" />
    <terrain x="32" y="4" type="Mountains" />
    <terrain x="32" y="5" type="Plains" />
    <terrain x="32" y="6" type="Plains" />
    <terrain x="32" y="7" type="Woods" />
    <terrain x="32" y="8" type="Base" />
    <terrain x="32" y="9" type="Plains" />
    <terrain x="32" y="10" type="Swamp" />
    <terrain x="32" y="11" type="Plains" />
    <terrain x="32" y="12" type="Plains" />
    <terrain x="32" y="13" type="Water" />
    <terrain x="32" y="14" type="Water" />
    <terrain x="32" y="15" type="Desert" />
    <terrain x="32" y="16" type="Water" />
    <terrain x="32" y="17" type="Water" />
    <terrain x="32" y="18" type="Water" />
    <terrain x="32" y="19" type="Water" />
    <terrain x="32" y="20" type="Water" />
    <terrain x="32" y="21" type="Water" />
    <terrain x="32" y="22" type="Water" />
    <terrain x="32" y="23" type="Water" />
    <terrain x="32" y="24" type="Water" />
    <terrain startUnit="Hovercraft" startUnitOwner="3" x="32" y="25" type="Water" />
    <terrain x="32" y="26" type="Water" />
    <terrain x="32" y="27" type="Water" />
    <terrain x="32" y="28" type="Plains" />
    <terrain x="32" y="29" type="Plains" />
    <terrain x="32" y="30" type="Plains" />
    <terrain x="33" y="1" type="Water" />
    <terrain x="33" y="2" type="Water" />
    <terrain x="33" y="3" type="Plains" />
    <terrain x="33" y="4" type="Plains" />
    <terrain x="33" y="5" type="Water" />
    <terrain x="33" y="6" type="Plains" />
    <terrain x="33" y="7" type="Plains" />
    <terrain x="33" y="8" type="Water" />
    <terrain x="33" y="9" type="Water" />
    <terrain x="33" y="10" type="Plains" />
    <terrain x="33" y="11" type="Water" />
    <terrain x="33" y="12" type="Water" />
    <terrain x="33" y="13" type="Water" />
    <terrain x="33" y="14" type="Water" />
    <terrain x="33" y="15" type="Base" />
    <terrain x="33" y="16" type="Plains" />
    <terrain x="33" y="17" type="Water" />
    <terrain x="33" y="18" type="Water" />
    <terrain x="33" y="19" type="Water" />
    <terrain x="33" y="20" type="Harbor" />
    <terrain x="33" y="21" type="Airfield" />
    <terrain x="33" y="22" type="Water" />
    <terrain x="33" y="23" type="Water" />
    <terrain x="33" y="24" type="Water" />
    <terrain x="33" y="25" type="Water" />
    <terrain x="33" y="26" type="Water" />
    <terrain x="33" y="27" type="Water" />
    <terrain x="33" y="28" type="Water" />
    <terrain x="33" y="29" type="Water" />
    <terrain x="33" y="30" type="Plains" />
    <terrain x="34" y="2" type="Water" />
    <terrain x="34" y="3" type="Airfield" />
    <terrain x="34" y="4" type="Plains" />
    <terrain x="34" y="5" type="Water" />
    <terrain x="34" y="6" type="Plains" />
    <terrain x="34" y="7" type="Water" />
    <terrain x="34" y="8" type="Water" />
    <terrain x="34" y="9" type="Water" />
    <terrain x="34" y="10" type="Water" />
    <terrain x="34" y="11" type="Airfield" />
    <terrain x="34" y="12" type="Water" />
    <terrain x="34" y="13" type="Plains" />
    <terrain x="34" y="14" type="Water" />
    <terrain x="34" y="15" type="Water" />
    <terrain x="34" y="16" type="Water" />
    <terrain x="34" y="17" type="Water" />
    <terrain x="34" y="18" type="Water" />
    <terrain x="34" y="19" type="Desert" />
    <terrain x="34" y="20" type="Woods" />
    <terrain x="34" y="21" type="Plains" />
    <terrain x="34" y="22" type="Water" />
    <terrain x="34" y="23" type="Water" />
    <terrain x="34" y="24" type="Water" />
    <terrain x="34" y="25" type="Water" />
    <terrain x="34" y="26" type="Water" />
    <terrain x="34" y="27" type="Airfield" />
    <terrain x="34" y="28" type="Water" />
    <terrain x="34" y="29" type="Water" />
    <terrain x="35" y="2" type="Water" />
    <terrain x="35" y="3" type="Plains" />
    <terrain x="35" y="4" type="Water" />
    <terrain startUnit="Hovercraft" startUnitOwner="1" x="35" y="5" type="Plains" />
    <terrain x="35" y="6" type="Water" />
    <terrain x="35" y="7" type="Airfield" />
    <terrain x="35" y="8" type="Plains" />
    <terrain x="35" y="9" type="Water" />
    <terrain x="35" y="10" type="Water" />
    <terrain x="35" y="11" type="Water" />
    <terrain x="35" y="12" type="Water" />
    <terrain x="35" y="13" type="Water" />
    <terrain x="35" y="14" type="Swamp" />
    <terrain x="35" y="15" type="Water" />
    <terrain x="35" y="16" type="Water" />
    <terrain x="35" y="17" type="Water" />
    <terrain x="35" y="18" type="Water" />
    <terrain x="35" y="19" type="Base" />
    <terrain x="35" y="20" type="Swamp" />
    <terrain startUnit="Trooper" startUnitOwner="3" x="35" y="21" type="Plains" />
    <terrain x="35" y="22" type="Water" />
    <terrain x="35" y="23" type="Water" />
    <terrain x="35" y="24" type="Water" />
    <terrain x="35" y="25" type="Water" />
    <terrain x="35" y="26" type="Water" />
    <terrain x="35" y="27" type="Water" />
    <terrain x="35" y="28" type="Water" />
    <terrain x="36" y="2" type="Water" />
    <terrain x="36" y="3" type="Harbor" />
    <terrain x="36" y="4" type="Plains" />
    <terrain x="36" y="5" type="Water" />
    <terrain x="36" y="6" type="Water" />
    <terrain x="36" y="7" type="Water" />
    <terrain x="36" y="8" type="Water" />
    <terrain x="36" y="9" type="Water" />
    <terrain x="36" y="10" type="Water" />
    <terrain x="36" y="11" type="Water" />
    <terrain x="36" y="12" type="Water" />
    <terrain x="36" y="13" type="Water" />
    <terrain x="36" y="14" type="Water" />
    <terrain x="36" y="15" type="Water" />
    <terrain x="36" y="16" type="Airfield" />
    <terrain x="36" y="17" type="Plains" />
    <terrain x="36" y="18" type="Water" />
    <terrain startUnit="Bomber" startUnitOwner="3" x="36" y="19" type="Desert" />
    <terrain startUnit="Anti Aircraft" startUnitOwner="3" x="36" y="20" type="Woods" />
    <terrain startFaction="3" x="36" y="21" type="Base" />
    <terrain x="36" y="22" type="Plains" />
    <terrain x="36" y="23" type="Water" />
    <terrain x="36" y="24" type="Water" />
    <terrain x="36" y="25" type="Water" />
    <terrain x="36" y="26" type="Water" />
    <terrain x="36" y="27" type="Water" />
    <terrain x="36" y="28" type="Water" />
    <terrain x="37" y="3" type="Water" />
    <terrain x="37" y="4" type="Water" />
    <terrain x="37" y="5" type="Water" />
    <terrain x="37" y="6" type="Water" />
    <terrain x="37" y="7" type="Water" />
    <terrain x="37" y="8" type="Water" />
    <terrain x="37" y="9" type="Water" />
    <terrain x="37" y="10" type="Water" />
    <terrain x="37" y="11" type="Water" />
    <terrain x="37" y="12" type="Water" />
    <terrain x="37" y="13" type="Water" />
    <terrain x="37" y="14" type="Water" />
    <terrain x="37" y="15" type="Water" />
    <terrain x="37" y="16" type="Plains" />
    <terrain startUnit="Anti Aircraft" startUnitOwner="3" x="37" y="17" type="Plains" />
    <terrain startUnit="Battleship" startUnitOwner="3" x="37" y="18" type="Water" />
    <terrain x="37" y="19" type="Water" />
    <terrain x="37" y="20" type="Plains" />
    <terrain x="37" y="21" type="Water" />
    <terrain x="37" y="22" type="Water" />
    <terrain x="37" y="23" type="Water" />
    <terrain x="37" y="24" type="Airfield" />
    <terrain x="37" y="25" type="Water" />
    <terrain x="37" y="26" type="Water" />
    <terrain x="37" y="27" type="Water" />
    <terrain x="38" y="4" type="Water" />
    <terrain x="38" y="5" type="Water" />
    <terrain x="38" y="6" type="Water" />
    <terrain x="38" y="7" type="Water" />
    <terrain x="38" y="8" type="Water" />
    <terrain x="38" y="9" type="Water" />
    <terrain x="38" y="10" type="Water" />
    <terrain x="38" y="11" type="Water" />
    <terrain x="38" y="12" type="Water" />
    <terrain x="38" y="13" type="Water" />
    <terrain startUnit="Hovercraft" startUnitOwner="3" x="38" y="14" type="Water" />
    <terrain x="38" y="15" type="Water" />
    <terrain x="38" y="16" type="Water" />
    <terrain x="38" y="17" type="Water" />
    <terrain x="38" y="18" type="Water" />
    <terrain x="38" y="19" type="Water" />
    <terrain x="38" y="20" type="Water" />
    <terrain x="38" y="21" type="Water" />
    <terrain x="38" y="22" type="Water" />
    <terrain x="38" y="23" type="Water" />
    <terrain x="38" y="24" type="Water" />
    <terrain x="38" y="25" type="Water" />
    <terrain x="38" y="26" type="Water" />
    <terrain x="39" y="6" type="Water" />
    <terrain x="39" y="7" type="Water" />
    <terrain x="39" y="8" type="Water" />
    <terrain x="39" y="9" type="Water" />
    <terrain x="39" y="10" type="Harbor" />
    <terrain x="39" y="11" type="Water" />
    <terrain x="39" y="12" type="Water" />
    <terrain x="39" y="13" type="Water" />
    <terrain x="39" y="14" type="Water" />
    <terrain x="39" y="15" type="Water" />
    <terrain x="39" y="16" type="Water" />
    <terrain x="39" y="17" type="Water" />
    <terrain x="39" y="18" type="Water" />
    <terrain x="39" y="19" type="Water" />
    <terrain x="39" y="20" type="Water" />
    <terrain x="39" y="21" type="Water" />
    <terrain x="39" y="22" type="Water" />
    <terrain x="39" y="23" type="Harbor" />
    <terrain x="39" y="24" type="Water" />
  </terrains>
</map>

