<?xml version="1.0" encoding="UTF-8"?>
<map id="19833">
  <name>Little Three Way</name>
  <initialCredits>50</initialCredits>
  <perBaseCredits>50</perBaseCredits>
  <width>5</width>
  <height>5</height>
  <maxPlayers>3</maxPlayers>
  <url>http://weewar.com/map/19833</url>
  <thumbnail>http://weewar.com/images/maps/boardThumb_19833_ir3.png</thumbnail>
  <preview>http://weewar.com/images/maps/preview_19833_ir3.png</preview>
  <revision>1</revision>
  <creator>orcus</creator>
  <creatorProfile>http://weewar.com/user/orcus</creatorProfile>
  <terrains>
    <terrain x="0" y="3" type="Mountains" />
    <terrain x="0" y="4" type="Base" />
    <terrain x="1" y="1" type="Mountains" />
    <terrain startUnit="Trooper" startUnitOwner="0" startFaction="0" x="1" y="2" type="Base" />
    <terrain x="1" y="3" type="Repairshop" />
    <terrain x="1" y="4" type="Mountains" />
    <terrain x="2" y="0" type="Base" />
    <terrain x="2" y="1" type="Mountains" />
    <terrain x="2" y="2" type="Repairshop" />
    <terrain x="2" y="3" type="Repairshop" />
    <terrain startUnit="Trooper" startUnitOwner="2" startFaction="2" x="2" y="4" type="Base" />
    <terrain startUnit="Trooper" startUnitOwner="1" startFaction="1" x="3" y="2" type="Base" />
    <terrain x="3" y="3" type="Mountains" />
    <terrain x="3" y="4" type="Mountains" />
    <terrain x="4" y="4" type="Base" />
  </terrains>
</map>

