<?xml version="1.0" encoding="UTF-8"?>
<map id="19928">
  <name>Going Coastal</name>
  <initialCredits>400</initialCredits>
  <perBaseCredits>200</perBaseCredits>
  <width>10</width>
  <height>10</height>
  <maxPlayers>2</maxPlayers>
  <url>http://weewar.com/map/19928</url>
  <thumbnail>http://weewar.com/images/maps/boardThumb_19928_ir3.png</thumbnail>
  <preview>http://weewar.com/images/maps/preview_19928_ir3.png</preview>
  <revision>4</revision>
  <creator>RadRx</creator>
  <creatorProfile>http://weewar.com/user/RadRx</creatorProfile>
  <terrains>
    <terrain startUnit="Helicopter" startUnitOwner="0" x="0" y="0" type="Mountains" />
    <terrain startUnit="Trooper" startUnitOwner="0" startFaction="0" x="0" y="1" type="Airfield" />
    <terrain startUnit="Raider" startUnitOwner="0" x="0" y="2" type="Plains" />
    <terrain startUnit="Trooper" startUnitOwner="0" x="0" y="3" type="Plains" />
    <terrain startUnit="Heavy Tank" startUnitOwner="0" x="0" y="4" type="Plains" />
    <terrain startUnit="Helicopter" startUnitOwner="0" x="0" y="5" type="Plains" />
    <terrain startUnit="Raider" startUnitOwner="0" startFaction="0" x="0" y="6" type="Base" />
    <terrain startUnit="Hovercraft" startUnitOwner="0" x="0" y="7" type="Swamp" />
    <terrain startUnit="Speedboat" startUnitOwner="0" x="0" y="8" type="Water" />
    <terrain startUnit="Speedboat" startUnitOwner="0" x="0" y="9" type="Water" />
    <terrain x="1" y="0" type="Mountains" />
    <terrain x="1" y="1" type="Mountains" />
    <terrain x="1" y="2" type="Plains" />
    <terrain x="1" y="3" type="Plains" />
    <terrain x="1" y="4" type="Plains" />
    <terrain x="1" y="5" type="Plains" />
    <terrain x="1" y="6" type="Plains" />
    <terrain x="1" y="7" type="Woods" />
    <terrain x="1" y="8" type="Water" />
    <terrain x="1" y="9" type="Water" />
    <terrain x="2" y="0" type="Mountains" />
    <terrain x="2" y="1" type="Mountains" />
    <terrain startFaction="0" x="2" y="2" type="Base" />
    <terrain x="2" y="3" type="Plains" />
    <terrain x="2" y="4" type="Plains" />
    <terrain x="2" y="5" type="Plains" />
    <terrain x="2" y="6" type="Plains" />
    <terrain x="2" y="7" type="Plains" />
    <terrain startFaction="0" x="2" y="8" type="Harbor" />
    <terrain x="2" y="9" type="Water" />
    <terrain x="3" y="0" type="Plains" />
    <terrain x="3" y="1" type="Mountains" />
    <terrain x="3" y="2" type="Mountains" />
    <terrain x="3" y="3" type="Mountains" />
    <terrain x="3" y="4" type="Woods" />
    <terrain x="3" y="5" type="Plains" />
    <terrain x="3" y="6" type="Plains" />
    <terrain startFaction="0" x="3" y="7" type="Base" />
    <terrain x="3" y="8" type="Water" />
    <terrain x="3" y="9" type="Water" />
    <terrain x="4" y="0" type="Plains" />
    <terrain x="4" y="1" type="Mountains" />
    <terrain x="4" y="2" type="Plains" />
    <terrain x="4" y="3" type="Woods" />
    <terrain x="4" y="4" type="Plains" />
    <terrain x="4" y="5" type="Desert" />
    <terrain x="4" y="6" type="Desert" />
    <terrain x="4" y="7" type="Desert" />
    <terrain x="4" y="8" type="Water" />
    <terrain x="4" y="9" type="Water" />
    <terrain x="5" y="0" type="Mountains" />
    <terrain startFaction="1" x="5" y="1" type="Base" />
    <terrain x="5" y="2" type="Plains" />
    <terrain x="5" y="3" type="Plains" />
    <terrain x="5" y="4" type="Base" />
    <terrain x="5" y="5" type="Desert" />
    <terrain x="5" y="6" type="Desert" />
    <terrain x="5" y="7" type="Base" />
    <terrain x="5" y="8" type="Swamp" />
    <terrain x="5" y="9" type="Water" />
    <terrain x="6" y="0" type="Mountains" />
    <terrain x="6" y="1" type="Plains" />
    <terrain x="6" y="2" type="Plains" />
    <terrain x="6" y="3" type="Plains" />
    <terrain x="6" y="4" type="Desert" />
    <terrain x="6" y="5" type="Desert" />
    <terrain x="6" y="6" type="Swamp" />
    <terrain x="6" y="7" type="Water" />
    <terrain x="6" y="8" type="Water" />
    <terrain x="6" y="9" type="Water" />
    <terrain x="7" y="0" type="Mountains" />
    <terrain x="7" y="1" type="Woods" />
    <terrain x="7" y="2" type="Plains" />
    <terrain x="7" y="3" type="Plains" />
    <terrain x="7" y="4" type="Plains" />
    <terrain x="7" y="5" type="Plains" />
    <terrain startFaction="1" x="7" y="6" type="Harbor" />
    <terrain x="7" y="7" type="Water" />
    <terrain x="7" y="8" type="Water" />
    <terrain x="7" y="9" type="Water" />
    <terrain x="8" y="0" type="Woods" />
    <terrain x="8" y="1" type="Plains" />
    <terrain x="8" y="2" type="Plains" />
    <terrain x="8" y="3" type="Plains" />
    <terrain startFaction="1" x="8" y="4" type="Base" />
    <terrain x="8" y="5" type="Plains" />
    <terrain x="8" y="6" type="Plains" />
    <terrain x="8" y="7" type="Plains" />
    <terrain x="8" y="8" type="Water" />
    <terrain x="8" y="9" type="Water" />
    <terrain startUnit="Helicopter" startUnitOwner="1" x="9" y="0" type="Woods" />
    <terrain startUnit="Trooper" startUnitOwner="1" startFaction="1" x="9" y="1" type="Base" />
    <terrain startUnit="Trooper" startUnitOwner="1" x="9" y="2" type="Plains" />
    <terrain startUnit="Raider" startUnitOwner="1" x="9" y="3" type="Plains" />
    <terrain startUnit="Heavy Tank" startUnitOwner="1" x="9" y="4" type="Plains" />
    <terrain startUnit="Raider" startUnitOwner="1" x="9" y="5" type="Plains" />
    <terrain startUnit="Helicopter" startUnitOwner="1" x="9" y="6" type="Plains" />
    <terrain startUnit="Hovercraft" startUnitOwner="1" startFaction="1" x="9" y="7" type="Airfield" />
    <terrain startUnit="Speedboat" startUnitOwner="1" x="9" y="8" type="Water" />
    <terrain startUnit="Speedboat" startUnitOwner="1" x="9" y="9" type="Water" />
  </terrains>
</map>

