<?xml version="1.0" encoding="UTF-8"?>
<map id="20082">
  <name>Borderline3</name>
  <initialCredits>300</initialCredits>
  <perBaseCredits>100</perBaseCredits>
  <width>12</width>
  <height>11</height>
  <maxPlayers>2</maxPlayers>
  <url>http://weewar.com/map/20082</url>
  <thumbnail>http://weewar.com/images/maps/boardThumb_20082_ir3.png</thumbnail>
  <preview>http://weewar.com/images/maps/preview_20082_ir3.png</preview>
  <revision>1</revision>
  <creator>openheaven</creator>
  <creatorProfile>http://weewar.com/user/openheaven</creatorProfile>
  <terrains>
    <terrain x="0" y="0" type="Plains" />
    <terrain x="0" y="1" type="Plains" />
    <terrain x="0" y="2" type="Plains" />
    <terrain x="0" y="3" type="Plains" />
    <terrain x="0" y="4" type="Plains" />
    <terrain x="0" y="5" type="Mountains" />
    <terrain x="0" y="6" type="Plains" />
    <terrain x="0" y="7" type="Plains" />
    <terrain x="0" y="8" type="Plains" />
    <terrain x="0" y="9" type="Plains" />
    <terrain x="0" y="10" type="Plains" />
    <terrain x="1" y="0" type="Plains" />
    <terrain x="1" y="1" type="Plains" />
    <terrain x="1" y="2" type="Plains" />
    <terrain x="1" y="3" type="Woods" />
    <terrain x="1" y="4" type="Plains" />
    <terrain x="1" y="5" type="Mountains" />
    <terrain x="1" y="6" type="Plains" />
    <terrain x="1" y="7" type="Woods" />
    <terrain x="1" y="8" type="Water" />
    <terrain x="1" y="9" type="Plains" />
    <terrain x="1" y="10" type="Base" />
    <terrain x="2" y="0" type="Base" />
    <terrain x="2" y="1" type="Plains" />
    <terrain x="2" y="2" type="Water" />
    <terrain x="2" y="3" type="Plains" />
    <terrain x="2" y="4" type="Plains" />
    <terrain x="2" y="5" type="Mountains" />
    <terrain x="2" y="6" type="Plains" />
    <terrain x="2" y="7" type="Plains" />
    <terrain x="2" y="8" type="Plains" />
    <terrain x="2" y="9" type="Plains" />
    <terrain x="2" y="10" type="Plains" />
    <terrain x="3" y="0" type="Plains" />
    <terrain x="3" y="1" type="Plains" />
    <terrain x="3" y="2" type="Plains" />
    <terrain x="3" y="3" type="Woods" />
    <terrain x="3" y="4" type="Plains" />
    <terrain x="3" y="5" type="Mountains" />
    <terrain x="3" y="6" type="Water" />
    <terrain x="3" y="7" type="Woods" />
    <terrain x="3" y="8" type="Plains" />
    <terrain x="3" y="9" type="Plains" />
    <terrain x="3" y="10" type="Plains" />
    <terrain x="4" y="0" type="Plains" />
    <terrain x="4" y="1" type="Plains" />
    <terrain x="4" y="2" type="Plains" />
    <terrain x="4" y="3" type="Plains" />
    <terrain x="4" y="4" type="Base" />
    <terrain x="4" y="5" type="Mountains" />
    <terrain x="4" y="6" type="Plains" />
    <terrain x="4" y="7" type="Plains" />
    <terrain x="4" y="8" type="Plains" />
    <terrain startUnit="Trooper" startUnitOwner="0" x="4" y="9" type="Plains" />
    <terrain x="4" y="10" type="Plains" />
    <terrain x="5" y="0" type="Plains" />
    <terrain x="5" y="1" type="Plains" />
    <terrain x="5" y="2" type="Plains" />
    <terrain x="5" y="3" type="Woods" />
    <terrain x="5" y="4" type="Plains" />
    <terrain x="5" y="5" type="Plains" />
    <terrain x="5" y="6" type="Mountains" />
    <terrain x="5" y="7" type="Woods" />
    <terrain x="5" y="8" type="Water" />
    <terrain x="5" y="9" type="Plains" />
    <terrain startFaction="0" x="5" y="10" type="Base" />
    <terrain startFaction="1" x="6" y="0" type="Base" />
    <terrain startUnit="Trooper" startUnitOwner="1" x="6" y="1" type="Plains" />
    <terrain x="6" y="2" type="Water" />
    <terrain x="6" y="3" type="Plains" />
    <terrain x="6" y="4" type="Mountains" />
    <terrain x="6" y="5" type="Mountains" />
    <terrain x="6" y="6" type="Plains" />
    <terrain x="6" y="7" type="Plains" />
    <terrain x="6" y="8" type="Plains" />
    <terrain x="6" y="9" type="Plains" />
    <terrain x="6" y="10" type="Plains" />
    <terrain x="7" y="0" type="Plains" />
    <terrain x="7" y="1" type="Plains" />
    <terrain x="7" y="2" type="Plains" />
    <terrain x="7" y="3" type="Woods" />
    <terrain x="7" y="4" type="Plains" />
    <terrain x="7" y="5" type="Mountains" />
    <terrain x="7" y="6" type="Base" />
    <terrain x="7" y="7" type="Woods" />
    <terrain x="7" y="8" type="Plains" />
    <terrain x="7" y="9" type="Plains" />
    <terrain x="7" y="10" type="Plains" />
    <terrain x="8" y="0" type="Plains" />
    <terrain x="8" y="1" type="Plains" />
    <terrain x="8" y="2" type="Plains" />
    <terrain x="8" y="3" type="Plains" />
    <terrain x="8" y="4" type="Water" />
    <terrain x="8" y="5" type="Mountains" />
    <terrain x="8" y="6" type="Plains" />
    <terrain x="8" y="7" type="Plains" />
    <terrain x="8" y="8" type="Plains" />
    <terrain x="8" y="9" type="Plains" />
    <terrain x="8" y="10" type="Plains" />
    <terrain x="9" y="0" type="Plains" />
    <terrain x="9" y="1" type="Plains" />
    <terrain x="9" y="2" type="Plains" />
    <terrain x="9" y="3" type="Woods" />
    <terrain x="9" y="4" type="Plains" />
    <terrain x="9" y="5" type="Mountains" />
    <terrain x="9" y="6" type="Plains" />
    <terrain x="9" y="7" type="Woods" />
    <terrain x="9" y="8" type="Water" />
    <terrain x="9" y="9" type="Plains" />
    <terrain x="9" y="10" type="Base" />
    <terrain x="10" y="0" type="Base" />
    <terrain x="10" y="1" type="Plains" />
    <terrain x="10" y="2" type="Water" />
    <terrain x="10" y="3" type="Plains" />
    <terrain x="10" y="4" type="Plains" />
    <terrain x="10" y="5" type="Mountains" />
    <terrain x="10" y="6" type="Plains" />
    <terrain x="10" y="7" type="Plains" />
    <terrain x="10" y="8" type="Plains" />
    <terrain x="10" y="9" type="Plains" />
    <terrain x="10" y="10" type="Plains" />
    <terrain x="11" y="0" type="Plains" />
    <terrain x="11" y="2" type="Plains" />
    <terrain x="11" y="4" type="Plains" />
    <terrain x="11" y="6" type="Plains" />
    <terrain x="11" y="8" type="Plains" />
    <terrain x="11" y="10" type="Plains" />
  </terrains>
</map>

