<?xml version="1.0" encoding="UTF-8"?>
<map id="20469">
  <name>Luxembourg</name>
  <initialCredits>200</initialCredits>
  <perBaseCredits>100</perBaseCredits>
  <width>20</width>
  <height>29</height>
  <maxPlayers>4</maxPlayers>
  <url>http://weewar.com/map/20469</url>
  <thumbnail>http://weewar.com/images/maps/boardThumb_20469_ir3.png</thumbnail>
  <preview>http://weewar.com/images/maps/preview_20469_ir3.png</preview>
  <revision>2</revision>
  <creator>Streen</creator>
  <creatorProfile>http://weewar.com/user/Streen</creatorProfile>
  <terrains>
    <terrain x="0" y="11" type="Plains" />
    <terrain x="0" y="12" type="Plains" />
    <terrain x="0" y="13" type="Plains" />
    <terrain x="1" y="9" type="Plains" />
    <terrain x="1" y="10" type="Plains" />
    <terrain x="1" y="11" type="Plains" />
    <terrain x="1" y="12" type="Plains" />
    <terrain x="1" y="13" type="Base" />
    <terrain x="1" y="14" type="Plains" />
    <terrain x="1" y="15" type="Plains" />
    <terrain x="2" y="5" type="Plains" />
    <terrain x="2" y="6" type="Plains" />
    <terrain x="2" y="7" type="Plains" />
    <terrain x="2" y="8" type="Plains" />
    <terrain x="2" y="9" type="Plains" />
    <terrain x="2" y="10" type="Plains" />
    <terrain x="2" y="11" type="Mountains" />
    <terrain x="2" y="12" type="Plains" />
    <terrain x="2" y="13" type="Plains" />
    <terrain x="2" y="14" type="Plains" />
    <terrain x="2" y="15" type="Plains" />
    <terrain x="2" y="16" type="Plains" />
    <terrain x="2" y="17" type="Plains" />
    <terrain x="2" y="25" type="Plains" />
    <terrain x="3" y="1" type="Woods" />
    <terrain x="3" y="2" type="Woods" />
    <terrain x="3" y="3" type="Plains" />
    <terrain x="3" y="4" type="Plains" />
    <terrain x="3" y="5" type="Plains" />
    <terrain x="3" y="6" type="Plains" />
    <terrain x="3" y="7" type="Plains" />
    <terrain x="3" y="8" type="Plains" />
    <terrain x="3" y="9" type="Mountains" />
    <terrain x="3" y="10" type="Mountains" />
    <terrain x="3" y="11" type="Mountains" />
    <terrain x="3" y="12" type="Plains" />
    <terrain x="3" y="13" type="Woods" />
    <terrain x="3" y="14" type="Woods" />
    <terrain x="3" y="15" type="Plains" />
    <terrain x="3" y="16" type="Plains" />
    <terrain x="3" y="17" type="Mountains" />
    <terrain x="3" y="18" type="Plains" />
    <terrain x="3" y="19" type="Plains" />
    <terrain x="3" y="23" type="Plains" />
    <terrain startFaction="3" x="3" y="24" type="Base" />
    <terrain x="3" y="25" type="Plains" />
    <terrain x="4" y="0" type="Mountains" />
    <terrain startUnit="Trooper" startUnitOwner="1" x="4" y="1" type="Mountains" />
    <terrain x="4" y="2" type="Mountains" />
    <terrain x="4" y="3" type="Plains" />
    <terrain x="4" y="4" type="Plains" />
    <terrain x="4" y="5" type="Base" />
    <terrain x="4" y="6" type="Plains" />
    <terrain x="4" y="7" type="Mountains" />
    <terrain x="4" y="8" type="Mountains" />
    <terrain x="4" y="9" type="Mountains" />
    <terrain x="4" y="10" type="Mountains" />
    <terrain x="4" y="11" type="Woods" />
    <terrain x="4" y="12" type="Woods" />
    <terrain x="4" y="13" type="Water" />
    <terrain x="4" y="14" type="Water" />
    <terrain x="4" y="15" type="Plains" />
    <terrain x="4" y="16" type="Plains" />
    <terrain x="4" y="17" type="Plains" />
    <terrain x="4" y="18" type="Woods" />
    <terrain x="4" y="19" type="Woods" />
    <terrain x="4" y="20" type="Plains" />
    <terrain x="4" y="21" type="Plains" />
    <terrain x="4" y="22" type="Plains" />
    <terrain startUnit="Trooper" startUnitOwner="3" x="4" y="23" type="Plains" />
    <terrain x="4" y="24" type="Plains" />
    <terrain x="4" y="25" type="Plains" />
    <terrain x="4" y="26" type="Plains" />
    <terrain x="4" y="27" type="Plains" />
    <terrain x="5" y="0" type="Mountains" />
    <terrain x="5" y="1" type="Mountains" />
    <terrain x="5" y="2" type="Plains" />
    <terrain x="5" y="3" type="Plains" />
    <terrain x="5" y="4" type="Plains" />
    <terrain x="5" y="5" type="Plains" />
    <terrain x="5" y="6" type="Plains" />
    <terrain x="5" y="7" type="Plains" />
    <terrain x="5" y="8" type="Mountains" />
    <terrain x="5" y="9" type="Woods" />
    <terrain x="5" y="10" type="Woods" />
    <terrain x="5" y="11" type="Woods" />
    <terrain x="5" y="12" type="Water" />
    <terrain x="5" y="13" type="Mountains" />
    <terrain x="5" y="14" type="Woods" />
    <terrain x="5" y="15" type="Woods" />
    <terrain x="5" y="16" type="Plains" />
    <terrain x="5" y="17" type="Plains" />
    <terrain x="5" y="18" type="Woods" />
    <terrain x="5" y="19" type="Plains" />
    <terrain x="5" y="20" type="Plains" />
    <terrain x="5" y="21" type="Base" />
    <terrain x="5" y="22" type="Plains" />
    <terrain x="5" y="23" type="Plains" />
    <terrain x="5" y="24" type="Plains" />
    <terrain x="5" y="25" type="Plains" />
    <terrain x="5" y="26" type="Base" />
    <terrain x="5" y="27" type="Plains" />
    <terrain x="5" y="28" type="Plains" />
    <terrain x="6" y="1" type="Mountains" />
    <terrain startFaction="1" x="6" y="2" type="Base" />
    <terrain x="6" y="3" type="Plains" />
    <terrain x="6" y="4" type="Plains" />
    <terrain x="6" y="5" type="Plains" />
    <terrain x="6" y="6" type="Plains" />
    <terrain x="6" y="7" type="Plains" />
    <terrain x="6" y="8" type="Woods" />
    <terrain x="6" y="9" type="Woods" />
    <terrain x="6" y="10" type="Base" />
    <terrain x="6" y="11" type="Mountains" />
    <terrain x="6" y="12" type="Mountains" />
    <terrain x="6" y="13" type="Mountains" />
    <terrain x="6" y="14" type="Mountains" />
    <terrain x="6" y="15" type="Woods" />
    <terrain x="6" y="16" type="Plains" />
    <terrain x="6" y="17" type="Plains" />
    <terrain x="6" y="18" type="Plains" />
    <terrain x="6" y="19" type="Plains" />
    <terrain x="6" y="20" type="Plains" />
    <terrain x="6" y="21" type="Plains" />
    <terrain x="6" y="22" type="Plains" />
    <terrain x="6" y="23" type="Plains" />
    <terrain x="6" y="24" type="Plains" />
    <terrain x="6" y="25" type="Plains" />
    <terrain x="6" y="26" type="Plains" />
    <terrain x="6" y="27" type="Plains" />
    <terrain x="6" y="28" type="Plains" />
    <terrain x="7" y="0" type="Mountains" />
    <terrain x="7" y="1" type="Woods" />
    <terrain x="7" y="2" type="Mountains" />
    <terrain x="7" y="3" type="Plains" />
    <terrain x="7" y="4" type="Plains" />
    <terrain x="7" y="5" type="Base" />
    <terrain x="7" y="6" type="Plains" />
    <terrain x="7" y="7" type="Plains" />
    <terrain x="7" y="8" type="Plains" />
    <terrain x="7" y="9" type="Plains" />
    <terrain x="7" y="10" type="Woods" />
    <terrain x="7" y="11" type="Woods" />
    <terrain x="7" y="12" type="Mountains" />
    <terrain x="7" y="13" type="Plains" />
    <terrain x="7" y="14" type="Plains" />
    <terrain x="7" y="15" type="Plains" />
    <terrain x="7" y="16" type="Plains" />
    <terrain x="7" y="17" type="Plains" />
    <terrain x="7" y="18" type="Plains" />
    <terrain x="7" y="19" type="Woods" />
    <terrain x="7" y="20" type="Plains" />
    <terrain x="7" y="21" type="Plains" />
    <terrain x="7" y="22" type="Plains" />
    <terrain x="7" y="23" type="Woods" />
    <terrain x="7" y="24" type="Woods" />
    <terrain x="7" y="25" type="Plains" />
    <terrain x="7" y="26" type="Plains" />
    <terrain x="7" y="27" type="Plains" />
    <terrain x="7" y="28" type="Plains" />
    <terrain x="8" y="0" type="Water" />
    <terrain x="8" y="1" type="Water" />
    <terrain x="8" y="2" type="Woods" />
    <terrain x="8" y="3" type="Plains" />
    <terrain x="8" y="4" type="Plains" />
    <terrain x="8" y="5" type="Woods" />
    <terrain x="8" y="6" type="Plains" />
    <terrain x="8" y="7" type="Woods" />
    <terrain x="8" y="8" type="Plains" />
    <terrain x="8" y="9" type="Plains" />
    <terrain x="8" y="10" type="Plains" />
    <terrain x="8" y="11" type="Plains" />
    <terrain x="8" y="12" type="Woods" />
    <terrain x="8" y="13" type="Plains" />
    <terrain x="8" y="14" type="Plains" />
    <terrain x="8" y="15" type="Plains" />
    <terrain x="8" y="16" type="Plains" />
    <terrain x="8" y="17" type="Plains" />
    <terrain x="8" y="18" type="Woods" />
    <terrain x="8" y="19" type="Woods" />
    <terrain x="8" y="20" type="Woods" />
    <terrain x="8" y="21" type="Woods" />
    <terrain x="8" y="22" type="Woods" />
    <terrain x="8" y="23" type="Woods" />
    <terrain x="8" y="24" type="Woods" />
    <terrain x="8" y="25" type="Plains" />
    <terrain x="8" y="26" type="Plains" />
    <terrain x="8" y="27" type="Base" />
    <terrain x="8" y="28" type="Base" />
    <terrain x="9" y="2" type="Water" />
    <terrain x="9" y="3" type="Water" />
    <terrain x="9" y="4" type="Woods" />
    <terrain x="9" y="5" type="Harbor" />
    <terrain x="9" y="6" type="Woods" />
    <terrain x="9" y="7" type="Woods" />
    <terrain x="9" y="8" type="Woods" />
    <terrain x="9" y="9" type="Woods" />
    <terrain x="9" y="10" type="Plains" />
    <terrain x="9" y="11" type="Plains" />
    <terrain x="9" y="12" type="Plains" />
    <terrain x="9" y="13" type="Plains" />
    <terrain x="9" y="14" type="Plains" />
    <terrain x="9" y="15" type="Base" />
    <terrain x="9" y="16" type="Plains" />
    <terrain x="9" y="17" type="Plains" />
    <terrain x="9" y="18" type="Woods" />
    <terrain x="9" y="19" type="Plains" />
    <terrain x="9" y="20" type="Plains" />
    <terrain x="9" y="21" type="Plains" />
    <terrain x="9" y="22" type="Water" />
    <terrain x="9" y="23" type="Water" />
    <terrain x="9" y="24" type="Water" />
    <terrain x="9" y="25" type="Water" />
    <terrain x="9" y="26" type="Plains" />
    <terrain x="9" y="27" type="Plains" />
    <terrain x="10" y="4" type="Water" />
    <terrain x="10" y="5" type="Water" />
    <terrain x="10" y="6" type="Water" />
    <terrain x="10" y="7" type="Water" />
    <terrain x="10" y="8" type="Woods" />
    <terrain x="10" y="9" type="Woods" />
    <terrain x="10" y="10" type="Woods" />
    <terrain x="10" y="11" type="Plains" />
    <terrain x="10" y="12" type="Plains" />
    <terrain x="10" y="13" type="Plains" />
    <terrain x="10" y="14" type="Plains" />
    <terrain x="10" y="15" type="Plains" />
    <terrain x="10" y="16" type="Plains" />
    <terrain x="10" y="17" type="Plains" />
    <terrain x="10" y="18" type="Woods" />
    <terrain x="10" y="19" type="Plains" />
    <terrain x="10" y="20" type="Base" />
    <terrain x="10" y="21" type="Base" />
    <terrain x="10" y="22" type="Plains" />
    <terrain x="10" y="23" type="Plains" />
    <terrain x="10" y="24" type="Plains" />
    <terrain x="10" y="25" type="Plains" />
    <terrain x="10" y="26" type="Plains" />
    <terrain x="11" y="8" type="Water" />
    <terrain x="11" y="9" type="Water" />
    <terrain x="11" y="10" type="Plains" />
    <terrain x="11" y="11" type="Base" />
    <terrain x="11" y="12" type="Plains" />
    <terrain startUnit="Trooper" startUnitOwner="2" x="11" y="13" type="Plains" />
    <terrain x="11" y="14" type="Plains" />
    <terrain x="11" y="15" type="Plains" />
    <terrain x="11" y="16" type="Plains" />
    <terrain x="11" y="17" type="Plains" />
    <terrain x="11" y="18" type="Plains" />
    <terrain x="11" y="19" type="Airfield" />
    <terrain startFaction="0" x="11" y="20" type="Base" />
    <terrain x="11" y="21" type="Plains" />
    <terrain x="11" y="22" type="Plains" />
    <terrain x="11" y="23" type="Plains" />
    <terrain x="11" y="24" type="Plains" />
    <terrain x="11" y="25" type="Plains" />
    <terrain x="11" y="26" type="Plains" />
    <terrain x="12" y="10" type="Water" />
    <terrain x="12" y="11" type="Plains" />
    <terrain x="12" y="12" type="Plains" />
    <terrain x="12" y="13" type="Plains" />
    <terrain x="12" y="14" type="Woods" />
    <terrain x="12" y="15" type="Mountains" />
    <terrain x="12" y="16" type="Plains" />
    <terrain x="12" y="17" type="Plains" />
    <terrain x="12" y="18" type="Plains" />
    <terrain x="12" y="19" type="Plains" />
    <terrain startUnit="Trooper" startUnitOwner="0" x="12" y="20" type="Plains" />
    <terrain x="12" y="21" type="Plains" />
    <terrain x="12" y="22" type="Plains" />
    <terrain x="12" y="23" type="Plains" />
    <terrain x="12" y="24" type="Plains" />
    <terrain x="12" y="25" type="Plains" />
    <terrain x="13" y="10" type="Water" />
    <terrain x="13" y="11" type="Water" />
    <terrain x="13" y="12" type="Plains" />
    <terrain x="13" y="13" type="Plains" />
    <terrain startFaction="2" x="13" y="14" type="Base" />
    <terrain x="13" y="15" type="Mountains" />
    <terrain x="13" y="16" type="Water" />
    <terrain x="13" y="17" type="Water" />
    <terrain x="13" y="18" type="Plains" />
    <terrain x="13" y="19" type="Plains" />
    <terrain x="13" y="20" type="Plains" />
    <terrain x="13" y="21" type="Plains" />
    <terrain x="13" y="22" type="Plains" />
    <terrain x="13" y="23" type="Base" />
    <terrain x="13" y="24" type="Plains" />
    <terrain x="13" y="25" type="Plains" />
    <terrain x="14" y="11" type="Water" />
    <terrain x="14" y="12" type="Water" />
    <terrain x="14" y="13" type="Plains" />
    <terrain x="14" y="14" type="Plains" />
    <terrain x="14" y="15" type="Mountains" />
    <terrain x="14" y="16" type="Woods" />
    <terrain x="14" y="17" type="Woods" />
    <terrain x="14" y="18" type="Woods" />
    <terrain x="14" y="19" type="Plains" />
    <terrain x="14" y="20" type="Plains" />
    <terrain x="14" y="21" type="Mountains" />
    <terrain x="14" y="22" type="Woods" />
    <terrain x="14" y="23" type="Plains" />
    <terrain x="14" y="24" type="Plains" />
    <terrain x="14" y="25" type="Plains" />
    <terrain x="15" y="11" type="Water" />
    <terrain x="15" y="12" type="Plains" />
    <terrain x="15" y="13" type="Plains" />
    <terrain x="15" y="14" type="Plains" />
    <terrain x="15" y="15" type="Plains" />
    <terrain x="15" y="16" type="Base" />
    <terrain x="15" y="17" type="Woods" />
    <terrain x="15" y="18" type="Woods" />
    <terrain x="15" y="19" type="Plains" />
    <terrain x="15" y="20" type="Plains" />
    <terrain x="15" y="21" type="Plains" />
    <terrain x="15" y="22" type="Woods" />
    <terrain x="15" y="23" type="Plains" />
    <terrain x="15" y="24" type="Plains" />
    <terrain x="15" y="25" type="Plains" />
    <terrain x="15" y="26" type="Base" />
    <terrain x="15" y="27" type="Plains" />
    <terrain x="16" y="11" type="Water" />
    <terrain x="16" y="12" type="Plains" />
    <terrain x="16" y="13" type="Plains" />
    <terrain x="16" y="14" type="Plains" />
    <terrain x="16" y="15" type="Plains" />
    <terrain x="16" y="16" type="Plains" />
    <terrain x="16" y="17" type="Plains" />
    <terrain x="16" y="18" type="Plains" />
    <terrain x="16" y="19" type="Plains" />
    <terrain x="16" y="20" type="Plains" />
    <terrain x="16" y="21" type="Base" />
    <terrain x="16" y="22" type="Plains" />
    <terrain x="16" y="23" type="Plains" />
    <terrain x="16" y="24" type="Plains" />
    <terrain x="16" y="25" type="Harbor" />
    <terrain x="16" y="26" type="Plains" />
    <terrain x="16" y="27" type="Water" />
    <terrain x="16" y="28" type="Water" />
    <terrain x="17" y="12" type="Water" />
    <terrain x="17" y="13" type="Base" />
    <terrain x="17" y="14" type="Plains" />
    <terrain x="17" y="15" type="Plains" />
    <terrain x="17" y="16" type="Plains" />
    <terrain x="17" y="17" type="Plains" />
    <terrain x="17" y="18" type="Plains" />
    <terrain x="17" y="19" type="Water" />
    <terrain x="17" y="20" type="Plains" />
    <terrain x="17" y="21" type="Water" />
    <terrain x="17" y="22" type="Water" />
    <terrain x="17" y="23" type="Water" />
    <terrain x="17" y="24" type="Water" />
    <terrain x="17" y="25" type="Water" />
    <terrain x="17" y="26" type="Water" />
    <terrain x="18" y="12" type="Water" />
    <terrain x="18" y="13" type="Plains" />
    <terrain x="18" y="14" type="Plains" />
    <terrain x="18" y="15" type="Harbor" />
    <terrain x="18" y="16" type="Base" />
    <terrain x="18" y="17" type="Water" />
    <terrain x="18" y="18" type="Water" />
    <terrain x="18" y="20" type="Water" />
    <terrain x="19" y="12" type="Water" />
    <terrain x="19" y="13" type="Water" />
    <terrain x="19" y="14" type="Water" />
    <terrain x="19" y="15" type="Water" />
    <terrain x="19" y="16" type="Water" />
  </terrains>
</map>

