<?xml version="1.0" encoding="UTF-8"?>
<map id="20745">
  <name>Copy of Kill the messenger</name>
  <initialCredits>200</initialCredits>
  <perBaseCredits>100</perBaseCredits>
  <width>24</width>
  <height>13</height>
  <maxPlayers>2</maxPlayers>
  <url>http://weewar.com/map/20745</url>
  <thumbnail>http://weewar.com/images/maps/boardThumb_20745_ir3.png</thumbnail>
  <preview>http://weewar.com/images/maps/preview_20745_ir3.png</preview>
  <revision>2</revision>
  <creator>onebid</creator>
  <creatorProfile>http://weewar.com/user/onebid</creatorProfile>
  <terrains>
    <terrain x="0" y="0" type="Woods" />
    <terrain x="0" y="1" type="Woods" />
    <terrain x="0" y="2" type="Woods" />
    <terrain x="0" y="3" type="Plains" />
    <terrain x="0" y="4" type="Plains" />
    <terrain x="0" y="5" type="Woods" />
    <terrain x="0" y="6" type="Woods" />
    <terrain x="0" y="7" type="Woods" />
    <terrain x="0" y="8" type="Woods" />
    <terrain x="0" y="9" type="Plains" />
    <terrain x="0" y="10" type="Woods" />
    <terrain x="0" y="11" type="Woods" />
    <terrain x="0" y="12" type="Woods" />
    <terrain x="1" y="0" type="Woods" />
    <terrain startUnit="Raider" startUnitOwner="0" x="1" y="1" type="Plains" />
    <terrain startUnit="Raider" startUnitOwner="0" x="1" y="2" type="Plains" />
    <terrain x="1" y="3" type="Plains" />
    <terrain x="1" y="4" type="Woods" />
    <terrain startUnit="DFA" startUnitOwner="0" x="1" y="5" type="Plains" />
    <terrain startFaction="0" x="1" y="6" type="Base" />
    <terrain x="1" y="7" type="Plains" />
    <terrain x="1" y="8" type="Plains" />
    <terrain x="1" y="9" type="Plains" />
    <terrain startUnit="Raider" startUnitOwner="0" x="1" y="10" type="Plains" />
    <terrain startUnit="Raider" startUnitOwner="0" x="1" y="11" type="Plains" />
    <terrain x="1" y="12" type="Water" />
    <terrain x="2" y="0" type="Woods" />
    <terrain x="2" y="1" type="Plains" />
    <terrain startUnit="Raider" startUnitOwner="0" x="2" y="2" type="Plains" />
    <terrain x="2" y="3" type="Plains" />
    <terrain x="2" y="4" type="Woods" />
    <terrain x="2" y="5" type="Woods" />
    <terrain x="2" y="6" type="Plains" />
    <terrain x="2" y="7" type="Woods" />
    <terrain x="2" y="8" type="Plains" />
    <terrain x="2" y="9" type="Plains" />
    <terrain startUnit="Raider" startUnitOwner="0" x="2" y="10" type="Plains" />
    <terrain x="2" y="11" type="Plains" />
    <terrain x="2" y="12" type="Water" />
    <terrain x="3" y="0" type="Plains" />
    <terrain startUnit="Trooper" startUnitOwner="0" x="3" y="1" type="Plains" />
    <terrain x="3" y="2" type="Plains" />
    <terrain x="3" y="3" type="Plains" />
    <terrain x="3" y="4" type="Plains" />
    <terrain x="3" y="5" type="Plains" />
    <terrain x="3" y="6" type="Plains" />
    <terrain x="3" y="7" type="Plains" />
    <terrain x="3" y="8" type="Plains" />
    <terrain x="3" y="9" type="Plains" />
    <terrain x="3" y="10" type="Plains" />
    <terrain startUnit="Trooper" startUnitOwner="0" x="3" y="11" type="Plains" />
    <terrain x="3" y="12" type="Plains" />
    <terrain startUnit="Trooper" startUnitOwner="0" x="4" y="0" type="Plains" />
    <terrain startUnit="Heavy Artillery" startUnitOwner="0" x="4" y="1" type="Plains" />
    <terrain startUnit="Trooper" startUnitOwner="0" x="4" y="2" type="Plains" />
    <terrain x="4" y="3" type="Plains" />
    <terrain x="4" y="4" type="Plains" />
    <terrain startUnit="Trooper" startUnitOwner="0" x="4" y="5" type="Plains" />
    <terrain x="4" y="6" type="Plains" />
    <terrain x="4" y="7" type="Plains" />
    <terrain x="4" y="8" type="Plains" />
    <terrain startUnit="Trooper" startUnitOwner="0" x="4" y="9" type="Plains" />
    <terrain startUnit="Trooper" startUnitOwner="0" x="4" y="10" type="Plains" />
    <terrain startUnit="Heavy Tank" startUnitOwner="0" x="4" y="11" type="Plains" />
    <terrain startUnit="Trooper" startUnitOwner="0" x="4" y="12" type="Plains" />
    <terrain startUnit="Trooper" startUnitOwner="0" x="5" y="0" type="Plains" />
    <terrain startUnit="Trooper" startUnitOwner="0" x="5" y="1" type="Plains" />
    <terrain startUnit="Trooper" startUnitOwner="0" x="5" y="2" type="Plains" />
    <terrain x="5" y="3" type="Plains" />
    <terrain startUnit="Trooper" startUnitOwner="0" x="5" y="4" type="Plains" />
    <terrain startUnit="Trooper" startUnitOwner="1" x="5" y="5" type="Plains" />
    <terrain startUnit="Trooper" startUnitOwner="0" x="5" y="6" type="Plains" />
    <terrain x="5" y="7" type="Plains" />
    <terrain startUnit="Trooper" startUnitOwner="0" x="5" y="8" type="Plains" />
    <terrain startUnit="Light Artillery" startUnitOwner="0" x="5" y="9" type="Plains" />
    <terrain startUnit="Trooper" startUnitOwner="0" x="5" y="10" type="Plains" />
    <terrain startUnit="Trooper" startUnitOwner="0" x="5" y="11" type="Plains" />
    <terrain startUnit="Trooper" startUnitOwner="0" x="5" y="12" type="Plains" />
    <terrain x="6" y="0" type="Plains" />
    <terrain x="6" y="1" type="Plains" />
    <terrain x="6" y="2" type="Plains" />
    <terrain x="6" y="3" type="Plains" />
    <terrain startUnit="Trooper" startUnitOwner="0" x="6" y="4" type="Plains" />
    <terrain startUnit="Trooper" startUnitOwner="0" x="6" y="5" type="Plains" />
    <terrain startUnit="Trooper" startUnitOwner="0" x="6" y="6" type="Plains" />
    <terrain x="6" y="7" type="Plains" />
    <terrain startUnit="Trooper" startUnitOwner="0" x="6" y="8" type="Plains" />
    <terrain startUnit="Trooper" startUnitOwner="0" x="6" y="9" type="Plains" />
    <terrain startUnit="Trooper" startUnitOwner="0" x="6" y="10" type="Plains" />
    <terrain x="6" y="11" type="Plains" />
    <terrain x="6" y="12" type="Plains" />
    <terrain x="7" y="0" type="Plains" />
    <terrain x="7" y="1" type="Plains" />
    <terrain x="7" y="2" type="Plains" />
    <terrain x="7" y="3" type="Woods" />
    <terrain x="7" y="4" type="Plains" />
    <terrain x="7" y="5" type="Plains" />
    <terrain x="7" y="6" type="Plains" />
    <terrain x="7" y="7" type="Woods" />
    <terrain x="7" y="8" type="Woods" />
    <terrain x="7" y="9" type="Plains" />
    <terrain x="7" y="10" type="Plains" />
    <terrain x="7" y="11" type="Plains" />
    <terrain x="7" y="12" type="Plains" />
    <terrain x="8" y="0" type="Plains" />
    <terrain x="8" y="1" type="Plains" />
    <terrain x="8" y="2" type="Plains" />
    <terrain x="8" y="3" type="Plains" />
    <terrain x="8" y="4" type="Plains" />
    <terrain x="8" y="5" type="Plains" />
    <terrain x="8" y="6" type="Plains" />
    <terrain x="8" y="7" type="Plains" />
    <terrain x="8" y="8" type="Woods" />
    <terrain x="8" y="9" type="Plains" />
    <terrain x="8" y="10" type="Plains" />
    <terrain x="8" y="11" type="Woods" />
    <terrain x="8" y="12" type="Plains" />
    <terrain x="9" y="0" type="Plains" />
    <terrain x="9" y="1" type="Woods" />
    <terrain x="9" y="2" type="Plains" />
    <terrain x="9" y="3" type="Plains" />
    <terrain x="9" y="4" type="Plains" />
    <terrain x="9" y="5" type="Plains" />
    <terrain x="9" y="6" type="Woods" />
    <terrain x="9" y="7" type="Plains" />
    <terrain x="9" y="8" type="Plains" />
    <terrain x="9" y="9" type="Plains" />
    <terrain x="9" y="10" type="Plains" />
    <terrain x="9" y="11" type="Plains" />
    <terrain x="9" y="12" type="Woods" />
    <terrain x="10" y="0" type="Plains" />
    <terrain x="10" y="1" type="Woods" />
    <terrain x="10" y="2" type="Plains" />
    <terrain x="10" y="3" type="Woods" />
    <terrain x="10" y="4" type="Woods" />
    <terrain x="10" y="5" type="Plains" />
    <terrain x="10" y="6" type="Plains" />
    <terrain x="10" y="7" type="Plains" />
    <terrain x="10" y="8" type="Plains" />
    <terrain x="10" y="9" type="Mountains" />
    <terrain x="10" y="10" type="Plains" />
    <terrain x="10" y="11" type="Plains" />
    <terrain x="10" y="12" type="Woods" />
    <terrain x="11" y="0" type="Woods" />
    <terrain x="11" y="1" type="Mountains" />
    <terrain x="11" y="2" type="Plains" />
    <terrain x="11" y="3" type="Plains" />
    <terrain x="11" y="4" type="Plains" />
    <terrain x="11" y="5" type="Plains" />
    <terrain x="11" y="6" type="Plains" />
    <terrain x="11" y="7" type="Woods" />
    <terrain x="11" y="8" type="Plains" />
    <terrain x="11" y="9" type="Plains" />
    <terrain x="11" y="10" type="Mountains" />
    <terrain x="11" y="11" type="Mountains" />
    <terrain x="11" y="12" type="Woods" />
    <terrain x="12" y="0" type="Woods" />
    <terrain x="12" y="1" type="Plains" />
    <terrain x="12" y="2" type="Mountains" />
    <terrain x="12" y="3" type="Mountains" />
    <terrain x="12" y="4" type="Plains" />
    <terrain x="12" y="5" type="Plains" />
    <terrain x="12" y="6" type="Woods" />
    <terrain x="12" y="7" type="Plains" />
    <terrain x="12" y="8" type="Plains" />
    <terrain x="12" y="9" type="Plains" />
    <terrain x="12" y="10" type="Plains" />
    <terrain x="12" y="11" type="Woods" />
    <terrain x="12" y="12" type="Woods" />
    <terrain x="13" y="0" type="Woods" />
    <terrain x="13" y="1" type="Plains" />
    <terrain x="13" y="2" type="Plains" />
    <terrain x="13" y="3" type="Plains" />
    <terrain x="13" y="4" type="Plains" />
    <terrain x="13" y="5" type="Plains" />
    <terrain x="13" y="6" type="Plains" />
    <terrain x="13" y="7" type="Plains" />
    <terrain x="13" y="8" type="Plains" />
    <terrain x="13" y="9" type="Plains" />
    <terrain x="13" y="10" type="Woods" />
    <terrain x="13" y="11" type="Plains" />
    <terrain x="13" y="12" type="Plains" />
    <terrain x="14" y="0" type="Woods" />
    <terrain x="14" y="1" type="Woods" />
    <terrain x="14" y="2" type="Plains" />
    <terrain x="14" y="3" type="Plains" />
    <terrain x="14" y="4" type="Woods" />
    <terrain x="14" y="5" type="Plains" />
    <terrain x="14" y="6" type="Plains" />
    <terrain x="14" y="7" type="Woods" />
    <terrain x="14" y="8" type="Woods" />
    <terrain x="14" y="9" type="Woods" />
    <terrain x="14" y="10" type="Plains" />
    <terrain x="14" y="11" type="Plains" />
    <terrain x="14" y="12" type="Plains" />
    <terrain x="15" y="0" type="Plains" />
    <terrain x="15" y="1" type="Plains" />
    <terrain x="15" y="2" type="Plains" />
    <terrain x="15" y="3" type="Plains" />
    <terrain x="15" y="4" type="Plains" />
    <terrain x="15" y="5" type="Plains" />
    <terrain x="15" y="6" type="Plains" />
    <terrain x="15" y="7" type="Plains" />
    <terrain x="15" y="8" type="Plains" />
    <terrain x="15" y="9" type="Plains" />
    <terrain x="15" y="10" type="Plains" />
    <terrain x="15" y="11" type="Plains" />
    <terrain x="15" y="12" type="Plains" />
    <terrain x="16" y="0" type="Plains" />
    <terrain x="16" y="1" type="Plains" />
    <terrain x="16" y="2" type="Plains" />
    <terrain x="16" y="3" type="Plains" />
    <terrain x="16" y="4" type="Plains" />
    <terrain startUnit="Trooper" startUnitOwner="1" x="16" y="5" type="Plains" />
    <terrain x="16" y="6" type="Plains" />
    <terrain x="16" y="7" type="Plains" />
    <terrain x="16" y="8" type="Plains" />
    <terrain startUnit="Trooper" startUnitOwner="1" x="16" y="9" type="Plains" />
    <terrain x="16" y="10" type="Plains" />
    <terrain x="16" y="11" type="Plains" />
    <terrain x="16" y="12" type="Plains" />
    <terrain x="17" y="0" type="Plains" />
    <terrain startUnit="Trooper" startUnitOwner="1" x="17" y="1" type="Plains" />
    <terrain x="17" y="2" type="Plains" />
    <terrain x="17" y="3" type="Plains" />
    <terrain startUnit="Trooper" startUnitOwner="1" x="17" y="4" type="Plains" />
    <terrain startUnit="Trooper" startUnitOwner="0" x="17" y="5" type="Plains" />
    <terrain startUnit="Trooper" startUnitOwner="1" x="17" y="6" type="Plains" />
    <terrain x="17" y="7" type="Plains" />
    <terrain startUnit="Trooper" startUnitOwner="1" x="17" y="8" type="Plains" />
    <terrain startUnit="Light Artillery" startUnitOwner="1" x="17" y="9" type="Plains" />
    <terrain startUnit="Trooper" startUnitOwner="1" x="17" y="10" type="Plains" />
    <terrain startUnit="Trooper" startUnitOwner="1" x="17" y="11" type="Plains" />
    <terrain x="17" y="12" type="Plains" />
    <terrain startUnit="Trooper" startUnitOwner="1" x="18" y="0" type="Plains" />
    <terrain startUnit="Heavy Artillery" startUnitOwner="1" x="18" y="1" type="Plains" />
    <terrain startUnit="Trooper" startUnitOwner="1" x="18" y="2" type="Plains" />
    <terrain x="18" y="3" type="Plains" />
    <terrain startUnit="Trooper" startUnitOwner="1" x="18" y="4" type="Plains" />
    <terrain startUnit="Trooper" startUnitOwner="1" x="18" y="5" type="Plains" />
    <terrain startUnit="Trooper" startUnitOwner="1" x="18" y="6" type="Plains" />
    <terrain x="18" y="7" type="Plains" />
    <terrain startUnit="Trooper" startUnitOwner="1" x="18" y="8" type="Plains" />
    <terrain startUnit="Trooper" startUnitOwner="1" x="18" y="9" type="Plains" />
    <terrain startUnit="Trooper" startUnitOwner="1" x="18" y="10" type="Plains" />
    <terrain startUnit="Heavy Tank" startUnitOwner="1" x="18" y="11" type="Plains" />
    <terrain startUnit="Trooper" startUnitOwner="1" x="18" y="12" type="Plains" />
    <terrain startUnit="Trooper" startUnitOwner="1" x="19" y="0" type="Plains" />
    <terrain startUnit="Trooper" startUnitOwner="1" x="19" y="1" type="Plains" />
    <terrain startUnit="Trooper" startUnitOwner="1" x="19" y="2" type="Plains" />
    <terrain x="19" y="3" type="Plains" />
    <terrain x="19" y="4" type="Plains" />
    <terrain x="19" y="5" type="Plains" />
    <terrain x="19" y="6" type="Plains" />
    <terrain x="19" y="7" type="Plains" />
    <terrain x="19" y="8" type="Plains" />
    <terrain x="19" y="9" type="Plains" />
    <terrain startUnit="Trooper" startUnitOwner="1" x="19" y="10" type="Plains" />
    <terrain startUnit="Trooper" startUnitOwner="1" x="19" y="11" type="Plains" />
    <terrain startUnit="Trooper" startUnitOwner="1" x="19" y="12" type="Plains" />
    <terrain x="20" y="0" type="Plains" />
    <terrain x="20" y="1" type="Plains" />
    <terrain x="20" y="2" type="Plains" />
    <terrain x="20" y="3" type="Plains" />
    <terrain x="20" y="4" type="Plains" />
    <terrain x="20" y="5" type="Plains" />
    <terrain x="20" y="6" type="Plains" />
    <terrain x="20" y="7" type="Plains" />
    <terrain x="20" y="8" type="Plains" />
    <terrain x="20" y="9" type="Plains" />
    <terrain x="20" y="10" type="Plains" />
    <terrain x="20" y="11" type="Plains" />
    <terrain x="20" y="12" type="Plains" />
    <terrain x="21" y="0" type="Woods" />
    <terrain startUnit="Raider" startUnitOwner="1" x="21" y="1" type="Plains" />
    <terrain startUnit="Raider" startUnitOwner="1" x="21" y="2" type="Plains" />
    <terrain x="21" y="3" type="Plains" />
    <terrain x="21" y="4" type="Plains" />
    <terrain x="21" y="5" type="Woods" />
    <terrain x="21" y="6" type="Woods" />
    <terrain startUnit="DFA" startUnitOwner="1" x="21" y="7" type="Plains" />
    <terrain x="21" y="8" type="Plains" />
    <terrain x="21" y="9" type="Plains" />
    <terrain startUnit="Raider" startUnitOwner="1" x="21" y="10" type="Plains" />
    <terrain startUnit="Raider" startUnitOwner="1" x="21" y="11" type="Plains" />
    <terrain x="21" y="12" type="Plains" />
    <terrain x="22" y="0" type="Woods" />
    <terrain x="22" y="1" type="Water" />
    <terrain startUnit="Raider" startUnitOwner="1" x="22" y="2" type="Plains" />
    <terrain x="22" y="3" type="Plains" />
    <terrain x="22" y="4" type="Plains" />
    <terrain x="22" y="5" type="Woods" />
    <terrain startFaction="1" x="22" y="6" type="Base" />
    <terrain x="22" y="7" type="Plains" />
    <terrain x="22" y="8" type="Woods" />
    <terrain x="22" y="9" type="Plains" />
    <terrain startUnit="Raider" startUnitOwner="1" x="22" y="10" type="Plains" />
    <terrain x="22" y="11" type="Plains" />
    <terrain x="22" y="12" type="Woods" />
    <terrain x="23" y="0" type="Woods" />
    <terrain x="23" y="1" type="Woods" />
    <terrain x="23" y="2" type="Water" />
    <terrain x="23" y="3" type="Plains" />
    <terrain x="23" y="4" type="Woods" />
    <terrain x="23" y="5" type="Plains" />
    <terrain x="23" y="6" type="Plains" />
    <terrain x="23" y="7" type="Plains" />
    <terrain x="23" y="8" type="Woods" />
    <terrain x="23" y="9" type="Plains" />
    <terrain x="23" y="10" type="Woods" />
    <terrain x="23" y="11" type="Woods" />
    <terrain x="23" y="12" type="Woods" />
  </terrains>
</map>

