<?xml version="1.0" encoding="UTF-8"?>
<map id="20952">
  <name>JLB-2P-01</name>
  <initialCredits>400</initialCredits>
  <perBaseCredits>250</perBaseCredits>
  <width>13</width>
  <height>12</height>
  <maxPlayers>2</maxPlayers>
  <url>http://weewar.com/map/20952</url>
  <thumbnail>http://weewar.com/images/maps/boardThumb_20952_ir3.png</thumbnail>
  <preview>http://weewar.com/images/maps/preview_20952_ir3.png</preview>
  <revision>1</revision>
  <creator>jlb1979</creator>
  <creatorProfile>http://weewar.com/user/jlb1979</creatorProfile>
  <terrains>
    <terrain x="0" y="1" type="Water" />
    <terrain x="0" y="3" type="Water" />
    <terrain x="1" y="0" type="Water" />
    <terrain startUnit="Submarine" startUnitOwner="1" x="1" y="1" type="Water" />
    <terrain x="1" y="2" type="Water" />
    <terrain startUnit="Destroyer" startUnitOwner="1" x="1" y="3" type="Water" />
    <terrain x="1" y="4" type="Water" />
    <terrain x="1" y="5" type="Water" />
    <terrain x="1" y="6" type="Water" />
    <terrain x="1" y="7" type="Water" />
    <terrain x="1" y="8" type="Water" />
    <terrain x="1" y="9" type="Water" />
    <terrain x="1" y="10" type="Water" />
    <terrain x="1" y="11" type="Water" />
    <terrain x="2" y="0" type="Water" />
    <terrain startUnit="Speedboat" startUnitOwner="1" x="2" y="1" type="Water" />
    <terrain startFaction="1" x="2" y="2" type="Harbor" />
    <terrain startFaction="1" x="2" y="3" type="Base" />
    <terrain startUnit="Battleship" startUnitOwner="1" x="2" y="4" type="Water" />
    <terrain startUnit="Anti Aircraft" startUnitOwner="1" x="2" y="5" type="Plains" />
    <terrain x="2" y="6" type="Water" />
    <terrain startUnit="Tank" startUnitOwner="1" x="2" y="7" type="Woods" />
    <terrain x="2" y="8" type="Water" />
    <terrain x="2" y="9" type="Water" />
    <terrain x="2" y="10" type="Water" />
    <terrain x="2" y="11" type="Water" />
    <terrain x="3" y="0" type="Water" />
    <terrain x="3" y="1" type="Water" />
    <terrain startFaction="1" x="3" y="2" type="Airfield" />
    <terrain startUnit="DFA" startUnitOwner="1" x="3" y="3" type="Plains" />
    <terrain startUnit="Berserker" startUnitOwner="1" x="3" y="4" type="Plains" />
    <terrain startUnit="Heavy Trooper" startUnitOwner="1" x="3" y="5" type="Mountains" />
    <terrain startUnit="Trooper" startUnitOwner="1" x="3" y="6" type="Mountains" />
    <terrain startUnit="Bomber" startUnitOwner="1" x="3" y="7" type="Woods" />
    <terrain x="3" y="8" type="Woods" />
    <terrain x="3" y="9" type="Woods" />
    <terrain x="3" y="10" type="Water" />
    <terrain x="3" y="11" type="Water" />
    <terrain x="4" y="0" type="Water" />
    <terrain x="4" y="1" type="Water" />
    <terrain x="4" y="2" type="Repairshop" />
    <terrain startUnit="Jet" startUnitOwner="1" x="4" y="3" type="Mountains" />
    <terrain startUnit="Hovercraft" startUnitOwner="1" x="4" y="4" type="Plains" />
    <terrain startUnit="Raider" startUnitOwner="1" x="4" y="5" type="Plains" />
    <terrain startUnit="Assault Artillery" startUnitOwner="1" x="4" y="6" type="Woods" />
    <terrain x="4" y="7" type="Plains" />
    <terrain x="4" y="8" type="Plains" />
    <terrain x="4" y="9" type="Woods" />
    <terrain x="4" y="10" type="Water" />
    <terrain x="4" y="11" type="Water" />
    <terrain x="5" y="0" type="Water" />
    <terrain x="5" y="1" type="Water" />
    <terrain startUnit="Helicopter" startUnitOwner="1" x="5" y="2" type="Mountains" />
    <terrain startUnit="Heavy Tank" startUnitOwner="1" x="5" y="3" type="Woods" />
    <terrain startUnit="Light Artillery" startUnitOwner="1" x="5" y="4" type="Woods" />
    <terrain x="5" y="5" type="Plains" />
    <terrain x="5" y="6" type="Plains" />
    <terrain x="5" y="7" type="Plains" />
    <terrain x="5" y="8" type="Plains" />
    <terrain x="5" y="9" type="Woods" />
    <terrain x="5" y="10" type="Water" />
    <terrain x="5" y="11" type="Water" />
    <terrain x="6" y="0" type="Water" />
    <terrain x="6" y="1" type="Water" />
    <terrain startUnit="Heavy Artillery" startUnitOwner="1" x="6" y="2" type="Woods" />
    <terrain x="6" y="3" type="Plains" />
    <terrain x="6" y="4" type="Plains" />
    <terrain x="6" y="5" type="Plains" />
    <terrain x="6" y="6" type="Plains" />
    <terrain x="6" y="7" type="Plains" />
    <terrain x="6" y="8" type="Plains" />
    <terrain startUnit="Heavy Artillery" startUnitOwner="0" x="6" y="9" type="Woods" />
    <terrain x="6" y="10" type="Water" />
    <terrain x="6" y="11" type="Water" />
    <terrain x="7" y="0" type="Water" />
    <terrain x="7" y="1" type="Water" />
    <terrain x="7" y="2" type="Woods" />
    <terrain x="7" y="3" type="Plains" />
    <terrain x="7" y="4" type="Plains" />
    <terrain x="7" y="5" type="Plains" />
    <terrain x="7" y="6" type="Plains" />
    <terrain startUnit="Light Artillery" startUnitOwner="0" x="7" y="7" type="Woods" />
    <terrain startUnit="Heavy Tank" startUnitOwner="0" x="7" y="8" type="Woods" />
    <terrain startUnit="Helicopter" startUnitOwner="0" x="7" y="9" type="Mountains" />
    <terrain x="7" y="10" type="Water" />
    <terrain x="7" y="11" type="Water" />
    <terrain x="8" y="0" type="Water" />
    <terrain x="8" y="1" type="Water" />
    <terrain x="8" y="2" type="Woods" />
    <terrain x="8" y="3" type="Plains" />
    <terrain x="8" y="4" type="Plains" />
    <terrain startUnit="Assault Artillery" startUnitOwner="0" x="8" y="5" type="Woods" />
    <terrain startUnit="Raider" startUnitOwner="0" x="8" y="6" type="Plains" />
    <terrain startUnit="Hovercraft" startUnitOwner="0" x="8" y="7" type="Plains" />
    <terrain startUnit="Jet" startUnitOwner="0" x="8" y="8" type="Mountains" />
    <terrain x="8" y="9" type="Repairshop" />
    <terrain x="8" y="10" type="Water" />
    <terrain x="8" y="11" type="Water" />
    <terrain x="9" y="0" type="Water" />
    <terrain x="9" y="1" type="Water" />
    <terrain x="9" y="2" type="Woods" />
    <terrain x="9" y="3" type="Woods" />
    <terrain startUnit="Bomber" startUnitOwner="0" x="9" y="4" type="Woods" />
    <terrain startUnit="Trooper" startUnitOwner="0" x="9" y="5" type="Mountains" />
    <terrain startUnit="Heavy Trooper" startUnitOwner="0" x="9" y="6" type="Mountains" />
    <terrain startUnit="Berserker" startUnitOwner="0" x="9" y="7" type="Plains" />
    <terrain startUnit="DFA" startUnitOwner="0" x="9" y="8" type="Plains" />
    <terrain startFaction="0" x="9" y="9" type="Airfield" />
    <terrain x="9" y="10" type="Water" />
    <terrain x="9" y="11" type="Water" />
    <terrain x="10" y="0" type="Water" />
    <terrain x="10" y="1" type="Water" />
    <terrain x="10" y="2" type="Water" />
    <terrain x="10" y="3" type="Water" />
    <terrain startUnit="Tank" startUnitOwner="0" x="10" y="4" type="Woods" />
    <terrain x="10" y="5" type="Water" />
    <terrain startUnit="Anti Aircraft" startUnitOwner="0" x="10" y="6" type="Plains" />
    <terrain startUnit="Battleship" startUnitOwner="0" x="10" y="7" type="Water" />
    <terrain startFaction="0" x="10" y="8" type="Base" />
    <terrain startFaction="0" x="10" y="9" type="Harbor" />
    <terrain startUnit="Speedboat" startUnitOwner="0" x="10" y="10" type="Water" />
    <terrain x="10" y="11" type="Water" />
    <terrain x="11" y="0" type="Water" />
    <terrain x="11" y="1" type="Water" />
    <terrain x="11" y="2" type="Water" />
    <terrain x="11" y="3" type="Water" />
    <terrain x="11" y="4" type="Water" />
    <terrain x="11" y="5" type="Water" />
    <terrain x="11" y="6" type="Water" />
    <terrain x="11" y="7" type="Water" />
    <terrain startUnit="Destroyer" startUnitOwner="0" x="11" y="8" type="Water" />
    <terrain x="11" y="9" type="Water" />
    <terrain startUnit="Submarine" startUnitOwner="0" x="11" y="10" type="Water" />
    <terrain x="11" y="11" type="Water" />
    <terrain x="12" y="4" type="Water" />
    <terrain x="12" y="6" type="Water" />
    <terrain x="12" y="8" type="Water" />
    <terrain x="12" y="10" type="Water" />
  </terrains>
</map>

