<?xml version="1.0" encoding="UTF-8"?>
<map id="20958">
  <name>Rapids 2</name>
  <initialCredits>500</initialCredits>
  <perBaseCredits>300</perBaseCredits>
  <width>23</width>
  <height>40</height>
  <maxPlayers>2</maxPlayers>
  <url>http://weewar.com/map/20958</url>
  <thumbnail>http://weewar.com/images/maps/boardThumb_20958_ir3.png</thumbnail>
  <preview>http://weewar.com/images/maps/preview_20958_ir3.png</preview>
  <revision>3</revision>
  <creator>luckymustard</creator>
  <creatorProfile>http://weewar.com/user/luckymustard</creatorProfile>
  <terrains>
    <terrain x="0" y="1" type="Mountains" />
    <terrain x="0" y="2" type="Mountains" />
    <terrain x="0" y="3" type="Mountains" />
    <terrain x="0" y="5" type="Mountains" />
    <terrain x="0" y="6" type="Mountains" />
    <terrain x="0" y="7" type="Mountains" />
    <terrain x="0" y="9" type="Swamp" />
    <terrain x="0" y="10" type="Swamp" />
    <terrain x="0" y="11" type="Water" />
    <terrain x="0" y="13" type="Woods" />
    <terrain x="0" y="14" type="Swamp" />
    <terrain x="0" y="15" type="Mountains" />
    <terrain x="0" y="17" type="Water" />
    <terrain x="0" y="18" type="Water" />
    <terrain x="0" y="19" type="Water" />
    <terrain x="0" y="21" type="Woods" />
    <terrain x="0" y="22" type="Woods" />
    <terrain startUnit="Trooper" startUnitOwner="1" x="0" y="23" type="Woods" />
    <terrain x="0" y="25" type="Mountains" />
    <terrain x="0" y="26" type="Harbor" />
    <terrain x="0" y="27" type="Mountains" />
    <terrain x="0" y="29" type="Woods" />
    <terrain x="0" y="30" type="Mountains" />
    <terrain x="0" y="31" type="Mountains" />
    <terrain x="0" y="33" type="Mountains" />
    <terrain x="0" y="34" type="Mountains" />
    <terrain x="0" y="35" type="Water" />
    <terrain x="0" y="37" type="Water" />
    <terrain x="0" y="38" type="Water" />
    <terrain x="0" y="39" type="Water" />
    <terrain x="1" y="0" type="Mountains" />
    <terrain startFaction="0" x="1" y="1" type="Harbor" />
    <terrain x="1" y="2" type="Mountains" />
    <terrain x="1" y="3" type="Mountains" />
    <terrain x="1" y="4" type="Mountains" />
    <terrain x="1" y="5" type="Woods" />
    <terrain x="1" y="6" type="Plains" />
    <terrain x="1" y="7" type="Water" />
    <terrain x="1" y="8" type="Water" />
    <terrain x="1" y="9" type="Water" />
    <terrain x="1" y="10" type="Water" />
    <terrain x="1" y="11" type="Mountains" />
    <terrain x="1" y="12" type="Water" />
    <terrain x="1" y="13" type="Mountains" />
    <terrain x="1" y="14" type="Woods" />
    <terrain x="1" y="15" type="Mountains" />
    <terrain x="1" y="16" type="Water" />
    <terrain x="1" y="17" type="Water" />
    <terrain x="1" y="18" type="Swamp" />
    <terrain x="1" y="19" type="Mountains" />
    <terrain x="1" y="20" type="Water" />
    <terrain x="1" y="21" type="Woods" />
    <terrain x="1" y="22" type="Woods" />
    <terrain x="1" y="23" type="Water" />
    <terrain x="1" y="24" type="Mountains" />
    <terrain x="1" y="25" type="Water" />
    <terrain x="1" y="26" type="Water" />
    <terrain x="1" y="27" type="Water" />
    <terrain x="1" y="28" type="Mountains" />
    <terrain x="1" y="29" type="Swamp" />
    <terrain x="1" y="30" type="Woods" />
    <terrain x="1" y="31" type="Water" />
    <terrain x="1" y="32" type="Mountains" />
    <terrain x="1" y="33" type="Water" />
    <terrain x="1" y="34" type="Water" />
    <terrain x="1" y="35" type="Plains" />
    <terrain x="1" y="36" type="Water" />
    <terrain x="1" y="37" type="Woods" />
    <terrain x="1" y="38" type="Swamp" />
    <terrain x="1" y="39" type="Water" />
    <terrain x="2" y="0" type="Swamp" />
    <terrain x="2" y="1" type="Woods" />
    <terrain startUnit="Speedboat" startUnitOwner="0" x="2" y="2" type="Water" />
    <terrain x="2" y="3" type="Mountains" />
    <terrain x="2" y="4" type="Mountains" />
    <terrain x="2" y="5" type="Swamp" />
    <terrain startUnit="Speedboat" startUnitOwner="1" x="2" y="6" type="Water" />
    <terrain x="2" y="7" type="Mountains" />
    <terrain x="2" y="8" type="Mountains" />
    <terrain x="2" y="9" type="Mountains" />
    <terrain x="2" y="10" type="Woods" />
    <terrain x="2" y="11" type="Woods" />
    <terrain x="2" y="12" type="Water" />
    <terrain x="2" y="13" type="Water" />
    <terrain x="2" y="14" type="Water" />
    <terrain x="2" y="15" type="Mountains" />
    <terrain x="2" y="16" type="Mountains" />
    <terrain x="2" y="17" type="Water" />
    <terrain x="2" y="18" type="Woods" />
    <terrain x="2" y="19" type="Mountains" />
    <terrain x="2" y="20" type="Water" />
    <terrain x="2" y="21" type="Base" />
    <terrain x="2" y="22" type="Water" />
    <terrain x="2" y="23" type="Mountains" />
    <terrain x="2" y="24" type="Water" />
    <terrain x="2" y="25" type="Mountains" />
    <terrain x="2" y="26" type="Mountains" />
    <terrain x="2" y="27" type="Mountains" />
    <terrain x="2" y="28" type="Water" />
    <terrain x="2" y="29" type="Woods" />
    <terrain x="2" y="30" type="Water" />
    <terrain x="2" y="31" type="Mountains" />
    <terrain x="2" y="32" type="Water" />
    <terrain x="2" y="33" type="Water" />
    <terrain x="2" y="34" type="Mountains" />
    <terrain x="2" y="35" type="Mountains" />
    <terrain x="2" y="36" type="Woods" />
    <terrain x="2" y="37" type="Plains" />
    <terrain x="2" y="38" type="Plains" />
    <terrain x="2" y="39" type="Water" />
    <terrain x="3" y="0" type="Swamp" />
    <terrain x="3" y="1" type="Mountains" />
    <terrain x="3" y="2" type="Water" />
    <terrain x="3" y="3" type="Swamp" />
    <terrain x="3" y="4" type="Swamp" />
    <terrain x="3" y="5" type="Swamp" />
    <terrain x="3" y="6" type="Mountains" />
    <terrain x="3" y="7" type="Mountains" />
    <terrain x="3" y="8" type="Mountains" />
    <terrain x="3" y="9" type="Water" />
    <terrain x="3" y="10" type="Mountains" />
    <terrain x="3" y="11" type="Mountains" />
    <terrain x="3" y="12" type="Mountains" />
    <terrain x="3" y="13" type="Mountains" />
    <terrain x="3" y="14" type="Water" />
    <terrain x="3" y="15" type="Water" />
    <terrain x="3" y="16" type="Water" />
    <terrain x="3" y="17" type="Woods" />
    <terrain x="3" y="18" type="Mountains" />
    <terrain x="3" y="19" type="Harbor" />
    <terrain x="3" y="20" type="Water" />
    <terrain x="3" y="21" type="Swamp" />
    <terrain x="3" y="22" type="Water" />
    <terrain x="3" y="23" type="Mountains" />
    <terrain x="3" y="24" type="Mountains" />
    <terrain x="3" y="25" type="Base" />
    <terrain x="3" y="26" type="Woods" />
    <terrain x="3" y="27" type="Water" />
    <terrain x="3" y="28" type="Water" />
    <terrain x="3" y="29" type="Mountains" />
    <terrain x="3" y="30" type="Water" />
    <terrain x="3" y="31" type="Mountains" />
    <terrain x="3" y="32" type="Swamp" />
    <terrain x="3" y="33" type="Woods" />
    <terrain x="3" y="34" type="Water" />
    <terrain x="3" y="35" type="Water" />
    <terrain x="3" y="36" type="Woods" />
    <terrain x="3" y="37" type="Woods" />
    <terrain x="3" y="38" type="Base" />
    <terrain x="3" y="39" type="Water" />
    <terrain x="4" y="0" type="Swamp" />
    <terrain x="4" y="1" type="Plains" />
    <terrain x="4" y="2" type="Water" />
    <terrain x="4" y="3" type="Water" />
    <terrain x="4" y="4" type="Woods" />
    <terrain x="4" y="5" type="Swamp" />
    <terrain x="4" y="6" type="Mountains" />
    <terrain x="4" y="7" type="Mountains" />
    <terrain x="4" y="8" type="Water" />
    <terrain x="4" y="9" type="Mountains" />
    <terrain x="4" y="10" type="Water" />
    <terrain x="4" y="11" type="Water" />
    <terrain x="4" y="12" type="Water" />
    <terrain x="4" y="13" type="Water" />
    <terrain x="4" y="14" type="Woods" />
    <terrain x="4" y="15" type="Mountains" />
    <terrain x="4" y="16" type="Woods" />
    <terrain x="4" y="17" type="Water" />
    <terrain x="4" y="18" type="Water" />
    <terrain x="4" y="19" type="Mountains" />
    <terrain x="4" y="20" type="Mountains" />
    <terrain x="4" y="21" type="Water" />
    <terrain x="4" y="22" type="Water" />
    <terrain x="4" y="23" type="Water" />
    <terrain x="4" y="24" type="Woods" />
    <terrain x="4" y="25" type="Plains" />
    <terrain x="4" y="26" type="Woods" />
    <terrain x="4" y="27" type="Water" />
    <terrain x="4" y="28" type="Mountains" />
    <terrain x="4" y="29" type="Water" />
    <terrain x="4" y="30" type="Water" />
    <terrain x="4" y="31" type="Mountains" />
    <terrain x="4" y="32" type="Woods" />
    <terrain x="4" y="33" type="Water" />
    <terrain x="4" y="34" type="Woods" />
    <terrain x="4" y="35" type="Mountains" />
    <terrain x="4" y="36" type="Water" />
    <terrain x="4" y="37" type="Water" />
    <terrain x="4" y="38" type="Mountains" />
    <terrain x="4" y="39" type="Water" />
    <terrain x="5" y="0" type="Mountains" />
    <terrain x="5" y="1" type="Woods" />
    <terrain x="5" y="2" type="Mountains" />
    <terrain x="5" y="3" type="Water" />
    <terrain x="5" y="4" type="Mountains" />
    <terrain x="5" y="5" type="Swamp" />
    <terrain x="5" y="6" type="Swamp" />
    <terrain x="5" y="7" type="Mountains" />
    <terrain x="5" y="8" type="Water" />
    <terrain x="5" y="9" type="Mountains" />
    <terrain x="5" y="10" type="Mountains" />
    <terrain x="5" y="11" type="Mountains" />
    <terrain x="5" y="12" type="Mountains" />
    <terrain x="5" y="13" type="Harbor" />
    <terrain x="5" y="14" type="Mountains" />
    <terrain x="5" y="15" type="Mountains" />
    <terrain x="5" y="16" type="Mountains" />
    <terrain x="5" y="17" type="Water" />
    <terrain startUnit="Trooper" startUnitOwner="1" x="5" y="18" type="Mountains" />
    <terrain x="5" y="19" type="Water" />
    <terrain x="5" y="20" type="Water" />
    <terrain x="5" y="21" type="Swamp" />
    <terrain x="5" y="22" type="Water" />
    <terrain x="5" y="23" type="Mountains" />
    <terrain x="5" y="24" type="Woods" />
    <terrain x="5" y="25" type="Plains" />
    <terrain x="5" y="26" type="Woods" />
    <terrain x="5" y="27" type="Woods" />
    <terrain x="5" y="28" type="Harbor" />
    <terrain x="5" y="29" type="Mountains" />
    <terrain x="5" y="30" type="Mountains" />
    <terrain x="5" y="31" type="Water" />
    <terrain x="5" y="32" type="Water" />
    <terrain x="5" y="33" type="Woods" />
    <terrain x="5" y="34" type="Water" />
    <terrain x="5" y="35" type="Mountains" />
    <terrain x="5" y="36" type="Water" />
    <terrain x="5" y="37" type="Mountains" />
    <terrain x="5" y="38" type="Water" />
    <terrain x="5" y="39" type="Water" />
    <terrain x="6" y="0" type="Mountains" />
    <terrain x="6" y="1" type="Plains" />
    <terrain x="6" y="2" type="Water" />
    <terrain x="6" y="3" type="Woods" />
    <terrain x="6" y="4" type="Mountains" />
    <terrain x="6" y="5" type="Swamp" />
    <terrain x="6" y="6" type="Mountains" />
    <terrain x="6" y="7" type="Water" />
    <terrain x="6" y="8" type="Water" />
    <terrain x="6" y="9" type="Mountains" />
    <terrain x="6" y="10" type="Plains" />
    <terrain x="6" y="11" type="Base" />
    <terrain x="6" y="12" type="Mountains" />
    <terrain x="6" y="13" type="Mountains" />
    <terrain x="6" y="14" type="Water" />
    <terrain x="6" y="15" type="Water" />
    <terrain x="6" y="16" type="Woods" />
    <terrain x="6" y="17" type="Swamp" />
    <terrain x="6" y="18" type="Water" />
    <terrain x="6" y="19" type="Mountains" />
    <terrain x="6" y="20" type="Swamp" />
    <terrain x="6" y="21" type="Woods" />
    <terrain x="6" y="22" type="Woods" />
    <terrain x="6" y="23" type="Water" />
    <terrain x="6" y="24" type="Mountains" />
    <terrain x="6" y="25" type="Water" />
    <terrain x="6" y="26" type="Swamp" />
    <terrain x="6" y="27" type="Water" />
    <terrain x="6" y="28" type="Woods" />
    <terrain x="6" y="29" type="Mountains" />
    <terrain x="6" y="30" type="Water" />
    <terrain x="6" y="31" type="Mountains" />
    <terrain x="6" y="32" type="Mountains" />
    <terrain x="6" y="33" type="Mountains" />
    <terrain x="6" y="34" type="Harbor" />
    <terrain x="6" y="35" type="Woods" />
    <terrain x="6" y="36" type="Water" />
    <terrain x="6" y="37" type="Water" />
    <terrain x="6" y="38" type="Mountains" />
    <terrain x="6" y="39" type="Woods" />
    <terrain x="7" y="0" type="Water" />
    <terrain x="7" y="1" type="Water" />
    <terrain x="7" y="2" type="Water" />
    <terrain x="7" y="3" type="Mountains" />
    <terrain x="7" y="4" type="Plains" />
    <terrain x="7" y="5" type="Swamp" />
    <terrain x="7" y="6" type="Mountains" />
    <terrain x="7" y="7" type="Water" />
    <terrain x="7" y="8" type="Mountains" />
    <terrain x="7" y="9" type="Mountains" />
    <terrain x="7" y="10" type="Woods" />
    <terrain x="7" y="11" type="Harbor" />
    <terrain x="7" y="12" type="Water" />
    <terrain x="7" y="13" type="Mountains" />
    <terrain x="7" y="14" type="Water" />
    <terrain x="7" y="15" type="Water" />
    <terrain x="7" y="16" type="Mountains" />
    <terrain x="7" y="17" type="Woods" />
    <terrain x="7" y="18" type="Woods" />
    <terrain x="7" y="19" type="Water" />
    <terrain x="7" y="20" type="Mountains" />
    <terrain x="7" y="21" type="Water" />
    <terrain x="7" y="22" type="Water" />
    <terrain x="7" y="23" type="Mountains" />
    <terrain x="7" y="24" type="Water" />
    <terrain x="7" y="25" type="Water" />
    <terrain x="7" y="26" type="Water" />
    <terrain x="7" y="27" type="Mountains" />
    <terrain x="7" y="28" type="Water" />
    <terrain x="7" y="29" type="Water" />
    <terrain x="7" y="30" type="Water" />
    <terrain x="7" y="31" type="Woods" />
    <terrain x="7" y="32" type="Mountains" />
    <terrain x="7" y="33" type="Mountains" />
    <terrain x="7" y="34" type="Water" />
    <terrain x="7" y="35" type="Water" />
    <terrain x="7" y="36" type="Mountains" />
    <terrain x="7" y="37" type="Mountains" />
    <terrain x="7" y="38" type="Water" />
    <terrain x="7" y="39" type="Water" />
    <terrain x="8" y="0" type="Water" />
    <terrain x="8" y="1" type="Water" />
    <terrain x="8" y="2" type="Mountains" />
    <terrain x="8" y="3" type="Woods" />
    <terrain x="8" y="4" type="Plains" />
    <terrain x="8" y="5" type="Mountains" />
    <terrain x="8" y="6" type="Swamp" />
    <terrain x="8" y="7" type="Mountains" />
    <terrain x="8" y="8" type="Water" />
    <terrain x="8" y="9" type="Water" />
    <terrain x="8" y="10" type="Mountains" />
    <terrain x="8" y="11" type="Swamp" />
    <terrain x="8" y="12" type="Water" />
    <terrain x="8" y="13" type="Mountains" />
    <terrain x="8" y="14" type="Water" />
    <terrain x="8" y="15" type="Mountains" />
    <terrain x="8" y="16" type="Water" />
    <terrain x="8" y="17" type="Water" />
    <terrain x="8" y="18" type="Water" />
    <terrain x="8" y="19" type="Water" />
    <terrain x="8" y="20" type="Water" />
    <terrain x="8" y="21" type="Water" />
    <terrain x="8" y="22" type="Harbor" />
    <terrain x="8" y="23" type="Water" />
    <terrain x="8" y="24" type="Water" />
    <terrain x="8" y="25" type="Water" />
    <terrain x="8" y="26" type="Water" />
    <terrain x="8" y="27" type="Water" />
    <terrain x="8" y="28" type="Harbor" />
    <terrain x="8" y="29" type="Water" />
    <terrain x="8" y="30" type="Water" />
    <terrain x="8" y="31" type="Mountains" />
    <terrain x="8" y="32" type="Mountains" />
    <terrain x="8" y="33" type="Water" />
    <terrain x="8" y="34" type="Mountains" />
    <terrain x="8" y="35" type="Woods" />
    <terrain x="8" y="36" type="Water" />
    <terrain x="8" y="37" type="Water" />
    <terrain x="8" y="38" type="Water" />
    <terrain x="8" y="39" type="Mountains" />
    <terrain x="9" y="0" type="Mountains" />
    <terrain startUnit="Trooper" startUnitOwner="0" x="9" y="1" type="Plains" />
    <terrain x="9" y="2" type="Water" />
    <terrain x="9" y="3" type="Water" />
    <terrain x="9" y="4" type="Water" />
    <terrain x="9" y="5" type="Water" />
    <terrain x="9" y="6" type="Woods" />
    <terrain x="9" y="7" type="Woods" />
    <terrain x="9" y="8" type="Swamp" />
    <terrain x="9" y="9" type="Water" />
    <terrain x="9" y="10" type="Mountains" />
    <terrain x="9" y="11" type="Mountains" />
    <terrain x="9" y="12" type="Water" />
    <terrain x="9" y="13" type="Mountains" />
    <terrain x="9" y="14" type="Water" />
    <terrain x="9" y="15" type="Mountains" />
    <terrain x="9" y="16" type="Mountains" />
    <terrain x="9" y="17" type="Water" />
    <terrain x="9" y="18" type="Water" />
    <terrain x="9" y="19" type="Mountains" />
    <terrain x="9" y="20" type="Mountains" />
    <terrain x="9" y="21" type="Swamp" />
    <terrain x="9" y="22" type="Plains" />
    <terrain x="9" y="23" type="Swamp" />
    <terrain x="9" y="24" type="Water" />
    <terrain x="9" y="25" type="Water" />
    <terrain x="9" y="26" type="Water" />
    <terrain x="9" y="27" type="Swamp" />
    <terrain x="9" y="28" type="Plains" />
    <terrain x="9" y="29" type="Swamp" />
    <terrain x="9" y="30" type="Mountains" />
    <terrain x="9" y="31" type="Water" />
    <terrain x="9" y="32" type="Water" />
    <terrain x="9" y="33" type="Mountains" />
    <terrain x="9" y="34" type="Water" />
    <terrain x="9" y="35" type="Water" />
    <terrain x="9" y="36" type="Woods" />
    <terrain x="9" y="37" type="Water" />
    <terrain x="9" y="38" type="Woods" />
    <terrain x="9" y="39" type="Woods" />
    <terrain x="10" y="0" type="Mountains" />
    <terrain x="10" y="1" type="Mountains" />
    <terrain x="10" y="2" type="Mountains" />
    <terrain x="10" y="3" type="Mountains" />
    <terrain x="10" y="4" type="Woods" />
    <terrain x="10" y="5" type="Water" />
    <terrain x="10" y="6" type="Mountains" />
    <terrain x="10" y="7" type="Mountains" />
    <terrain x="10" y="8" type="Woods" />
    <terrain x="10" y="9" type="Mountains" />
    <terrain x="10" y="10" type="Water" />
    <terrain x="10" y="11" type="Mountains" />
    <terrain x="10" y="12" type="Water" />
    <terrain x="10" y="13" type="Mountains" />
    <terrain x="10" y="14" type="Water" />
    <terrain x="10" y="15" type="Water" />
    <terrain x="10" y="16" type="Water" />
    <terrain x="10" y="17" type="Mountains" />
    <terrain x="10" y="18" type="Mountains" />
    <terrain x="10" y="19" type="Water" />
    <terrain x="10" y="20" type="Water" />
    <terrain x="10" y="21" type="Water" />
    <terrain x="10" y="22" type="Mountains" />
    <terrain x="10" y="23" type="Water" />
    <terrain x="10" y="24" type="Water" />
    <terrain x="10" y="25" type="Water" />
    <terrain x="10" y="26" type="Water" />
    <terrain x="10" y="27" type="Water" />
    <terrain x="10" y="28" type="Mountains" />
    <terrain x="10" y="29" type="Water" />
    <terrain x="10" y="30" type="Water" />
    <terrain x="10" y="31" type="Water" />
    <terrain x="10" y="32" type="Woods" />
    <terrain x="10" y="33" type="Woods" />
    <terrain x="10" y="34" type="Mountains" />
    <terrain x="10" y="35" type="Harbor" />
    <terrain x="10" y="36" type="Mountains" />
    <terrain x="10" y="37" type="Water" />
    <terrain x="10" y="38" type="Swamp" />
    <terrain x="10" y="39" type="Mountains" />
    <terrain x="11" y="0" type="Mountains" />
    <terrain x="11" y="1" type="Swamp" />
    <terrain x="11" y="2" type="Swamp" />
    <terrain x="11" y="3" type="Swamp" />
    <terrain x="11" y="4" type="Mountains" />
    <terrain x="11" y="5" type="Woods" />
    <terrain x="11" y="6" type="Water" />
    <terrain x="11" y="7" type="Woods" />
    <terrain x="11" y="8" type="Mountains" />
    <terrain x="11" y="9" type="Water" />
    <terrain x="11" y="10" type="Water" />
    <terrain x="11" y="11" type="Mountains" />
    <terrain x="11" y="12" type="Water" />
    <terrain x="11" y="13" type="Water" />
    <terrain x="11" y="14" type="Mountains" />
    <terrain x="11" y="15" type="Mountains" />
    <terrain x="11" y="16" type="Mountains" />
    <terrain x="11" y="17" type="Water" />
    <terrain x="11" y="18" type="Water" />
    <terrain x="11" y="19" type="Water" />
    <terrain x="11" y="20" type="Water" />
    <terrain x="11" y="21" type="Mountains" />
    <terrain x="11" y="22" type="Mountains" />
    <terrain x="11" y="23" type="Water" />
    <terrain x="11" y="24" type="Water" />
    <terrain x="11" y="25" type="Mountains" />
    <terrain x="11" y="26" type="Water" />
    <terrain x="11" y="27" type="Water" />
    <terrain x="11" y="28" type="Mountains" />
    <terrain x="11" y="29" type="Mountains" />
    <terrain x="11" y="30" type="Water" />
    <terrain x="11" y="31" type="Water" />
    <terrain x="11" y="32" type="Water" />
    <terrain x="11" y="33" type="Water" />
    <terrain x="11" y="34" type="Mountains" />
    <terrain x="11" y="35" type="Water" />
    <terrain x="11" y="36" type="Mountains" />
    <terrain x="11" y="37" type="Plains" />
    <terrain x="11" y="38" type="Water" />
    <terrain x="11" y="39" type="Woods" />
    <terrain x="12" y="0" type="Plains" />
    <terrain x="12" y="1" type="Swamp" />
    <terrain x="12" y="2" type="Swamp" />
    <terrain x="12" y="3" type="Plains" />
    <terrain x="12" y="4" type="Mountains" />
    <terrain x="12" y="5" type="Water" />
    <terrain x="12" y="6" type="Water" />
    <terrain x="12" y="7" type="Mountains" />
    <terrain x="12" y="8" type="Water" />
    <terrain x="12" y="9" type="Water" />
    <terrain x="12" y="10" type="Mountains" />
    <terrain x="12" y="11" type="Woods" />
    <terrain x="12" y="12" type="Woods" />
    <terrain x="12" y="13" type="Mountains" />
    <terrain x="12" y="14" type="Water" />
    <terrain x="12" y="15" type="Woods" />
    <terrain x="12" y="16" type="Water" />
    <terrain x="12" y="17" type="Water" />
    <terrain x="12" y="18" type="Water" />
    <terrain x="12" y="19" type="Mountains" />
    <terrain x="12" y="20" type="Mountains" />
    <terrain x="12" y="21" type="Water" />
    <terrain x="12" y="22" type="Water" />
    <terrain x="12" y="23" type="Mountains" />
    <terrain x="12" y="24" type="Mountains" />
    <terrain x="12" y="25" type="Airfield" />
    <terrain x="12" y="26" type="Mountains" />
    <terrain x="12" y="27" type="Mountains" />
    <terrain x="12" y="28" type="Water" />
    <terrain x="12" y="29" type="Water" />
    <terrain x="12" y="30" type="Mountains" />
    <terrain x="12" y="31" type="Mountains" />
    <terrain x="12" y="32" type="Water" />
    <terrain x="12" y="33" type="Water" />
    <terrain x="12" y="34" type="Water" />
    <terrain x="12" y="35" type="Plains" />
    <terrain x="12" y="36" type="Water" />
    <terrain x="12" y="37" type="Mountains" />
    <terrain x="12" y="38" type="Water" />
    <terrain x="12" y="39" type="Woods" />
    <terrain x="13" y="0" type="Woods" />
    <terrain x="13" y="1" type="Mountains" />
    <terrain x="13" y="2" type="Base" />
    <terrain x="13" y="3" type="Water" />
    <terrain x="13" y="4" type="Water" />
    <terrain x="13" y="5" type="Mountains" />
    <terrain x="13" y="6" type="Mountains" />
    <terrain x="13" y="7" type="Mountains" />
    <terrain x="13" y="8" type="Mountains" />
    <terrain x="13" y="9" type="Water" />
    <terrain x="13" y="10" type="Mountains" />
    <terrain x="13" y="11" type="Water" />
    <terrain x="13" y="12" type="Water" />
    <terrain x="13" y="13" type="Water" />
    <terrain x="13" y="14" type="Water" />
    <terrain x="13" y="15" type="Woods" />
    <terrain x="13" y="16" type="Water" />
    <terrain x="13" y="17" type="Mountains" />
    <terrain x="13" y="18" type="Mountains" />
    <terrain x="13" y="19" type="Water" />
    <terrain x="13" y="20" type="Water" />
    <terrain x="13" y="21" type="Mountains" />
    <terrain x="13" y="22" type="Mountains" />
    <terrain x="13" y="23" type="Plains" />
    <terrain x="13" y="24" type="Plains" />
    <terrain x="13" y="25" type="Plains" />
    <terrain x="13" y="26" type="Plains" />
    <terrain x="13" y="27" type="Plains" />
    <terrain x="13" y="28" type="Mountains" />
    <terrain x="13" y="29" type="Mountains" />
    <terrain x="13" y="30" type="Water" />
    <terrain x="13" y="31" type="Water" />
    <terrain x="13" y="32" type="Mountains" />
    <terrain x="13" y="33" type="Woods" />
    <terrain x="13" y="34" type="Water" />
    <terrain x="13" y="35" type="Woods" />
    <terrain x="13" y="36" type="Water" />
    <terrain x="13" y="37" type="Water" />
    <terrain x="13" y="38" type="Water" />
    <terrain x="13" y="39" type="Mountains" />
    <terrain x="14" y="0" type="Woods" />
    <terrain x="14" y="1" type="Harbor" />
    <terrain x="14" y="2" type="Water" />
    <terrain x="14" y="3" type="Mountains" />
    <terrain x="14" y="4" type="Woods" />
    <terrain x="14" y="5" type="Plains" />
    <terrain x="14" y="6" type="Base" />
    <terrain x="14" y="7" type="Mountains" />
    <terrain x="14" y="8" type="Water" />
    <terrain x="14" y="9" type="Mountains" />
    <terrain x="14" y="10" type="Water" />
    <terrain x="14" y="11" type="Mountains" />
    <terrain x="14" y="12" type="Woods" />
    <terrain x="14" y="13" type="Mountains" />
    <terrain x="14" y="14" type="Woods" />
    <terrain x="14" y="15" type="Water" />
    <terrain x="14" y="16" type="Water" />
    <terrain x="14" y="17" type="Mountains" />
    <terrain x="14" y="18" type="Water" />
    <terrain x="14" y="19" type="Water" />
    <terrain x="14" y="20" type="Mountains" />
    <terrain x="14" y="21" type="Plains" />
    <terrain x="14" y="22" type="Plains" />
    <terrain x="14" y="23" type="Plains" />
    <terrain x="14" y="24" type="Plains" />
    <terrain x="14" y="25" type="Airfield" />
    <terrain x="14" y="26" type="Plains" />
    <terrain x="14" y="27" type="Plains" />
    <terrain x="14" y="28" type="Plains" />
    <terrain x="14" y="29" type="Plains" />
    <terrain x="14" y="30" type="Mountains" />
    <terrain x="14" y="31" type="Water" />
    <terrain x="14" y="32" type="Water" />
    <terrain x="14" y="33" type="Mountains" />
    <terrain x="14" y="34" type="Water" />
    <terrain x="14" y="35" type="Water" />
    <terrain x="14" y="36" type="Mountains" />
    <terrain x="14" y="37" type="Mountains" />
    <terrain x="14" y="38" type="Mountains" />
    <terrain x="14" y="39" type="Mountains" />
    <terrain x="15" y="0" type="Mountains" />
    <terrain x="15" y="1" type="Water" />
    <terrain x="15" y="2" type="Swamp" />
    <terrain x="15" y="3" type="Swamp" />
    <terrain x="15" y="4" type="Mountains" />
    <terrain x="15" y="5" type="Woods" />
    <terrain x="15" y="6" type="Mountains" />
    <terrain x="15" y="7" type="Water" />
    <terrain x="15" y="8" type="Harbor" />
    <terrain x="15" y="9" type="Mountains" />
    <terrain x="15" y="10" type="Mountains" />
    <terrain x="15" y="11" type="Water" />
    <terrain x="15" y="12" type="Water" />
    <terrain x="15" y="13" type="Water" />
    <terrain x="15" y="14" type="Water" />
    <terrain x="15" y="15" type="Water" />
    <terrain x="15" y="16" type="Water" />
    <terrain x="15" y="17" type="Mountains" />
    <terrain x="15" y="18" type="Water" />
    <terrain x="15" y="19" type="Water" />
    <terrain x="15" y="20" type="Mountains" />
    <terrain x="15" y="21" type="Plains" />
    <terrain x="15" y="22" type="Plains" />
    <terrain x="15" y="23" type="Base" />
    <terrain x="15" y="24" type="Base" />
    <terrain x="15" y="25" type="Base" />
    <terrain x="15" y="26" type="Base" />
    <terrain x="15" y="27" type="Base" />
    <terrain x="15" y="28" type="Plains" />
    <terrain x="15" y="29" type="Plains" />
    <terrain x="15" y="30" type="Mountains" />
    <terrain x="15" y="31" type="Water" />
    <terrain x="15" y="32" type="Water" />
    <terrain x="15" y="33" type="Mountains" />
    <terrain x="15" y="34" type="Water" />
    <terrain x="15" y="35" type="Woods" />
    <terrain x="15" y="36" type="Water" />
    <terrain x="15" y="37" type="Water" />
    <terrain x="15" y="38" type="Water" />
    <terrain x="15" y="39" type="Water" />
    <terrain x="16" y="0" type="Mountains" />
    <terrain x="16" y="1" type="Woods" />
    <terrain x="16" y="2" type="Water" />
    <terrain x="16" y="3" type="Water" />
    <terrain x="16" y="4" type="Mountains" />
    <terrain x="16" y="5" type="Water" />
    <terrain x="16" y="6" type="Water" />
    <terrain x="16" y="7" type="Woods" />
    <terrain x="16" y="8" type="Water" />
    <terrain x="16" y="9" type="Water" />
    <terrain x="16" y="10" type="Water" />
    <terrain x="16" y="11" type="Plains" />
    <terrain x="16" y="12" type="Plains" />
    <terrain x="16" y="13" type="Plains" />
    <terrain x="16" y="14" type="Plains" />
    <terrain x="16" y="15" type="Water" />
    <terrain x="16" y="16" type="Water" />
    <terrain x="16" y="17" type="Mountains" />
    <terrain x="16" y="18" type="Water" />
    <terrain x="16" y="19" type="Water" />
    <terrain x="16" y="20" type="Mountains" />
    <terrain x="16" y="21" type="Water" />
    <terrain x="16" y="22" type="Airfield" />
    <terrain x="16" y="23" type="Harbor" />
    <terrain x="16" y="24" type="Harbor" />
    <terrain x="16" y="25" type="Harbor" />
    <terrain x="16" y="26" type="Harbor" />
    <terrain x="16" y="27" type="Harbor" />
    <terrain x="16" y="28" type="Airfield" />
    <terrain x="16" y="29" type="Water" />
    <terrain x="16" y="30" type="Mountains" />
    <terrain x="16" y="31" type="Water" />
    <terrain x="16" y="32" type="Water" />
    <terrain x="16" y="33" type="Mountains" />
    <terrain x="16" y="34" type="Water" />
    <terrain x="16" y="35" type="Water" />
    <terrain x="16" y="36" type="Woods" />
    <terrain x="16" y="37" type="Mountains" />
    <terrain x="16" y="38" type="Woods" />
    <terrain x="16" y="39" type="Water" />
    <terrain x="17" y="0" type="Plains" />
    <terrain x="17" y="1" type="Mountains" />
    <terrain x="17" y="2" type="Plains" />
    <terrain x="17" y="3" type="Water" />
    <terrain x="17" y="4" type="Mountains" />
    <terrain x="17" y="5" type="Water" />
    <terrain x="17" y="6" type="Woods" />
    <terrain x="17" y="7" type="Mountains" />
    <terrain x="17" y="8" type="Plains" />
    <terrain x="17" y="9" type="Plains" />
    <terrain x="17" y="10" type="Plains" />
    <terrain x="17" y="11" type="Plains" />
    <terrain x="17" y="12" type="Plains" />
    <terrain x="17" y="13" type="Plains" />
    <terrain x="17" y="14" type="Plains" />
    <terrain x="17" y="15" type="Water" />
    <terrain x="17" y="16" type="Mountains" />
    <terrain x="17" y="17" type="Harbor" />
    <terrain x="17" y="18" type="Water" />
    <terrain x="17" y="19" type="Water" />
    <terrain x="17" y="20" type="Water" />
    <terrain x="17" y="21" type="Water" />
    <terrain x="17" y="22" type="Water" />
    <terrain x="17" y="23" type="Mountains" />
    <terrain x="17" y="24" type="Base" />
    <terrain x="17" y="25" type="Base" />
    <terrain x="17" y="26" type="Base" />
    <terrain x="17" y="27" type="Mountains" />
    <terrain x="17" y="28" type="Water" />
    <terrain x="17" y="29" type="Water" />
    <terrain x="17" y="30" type="Water" />
    <terrain x="17" y="31" type="Water" />
    <terrain x="17" y="32" type="Water" />
    <terrain x="17" y="33" type="Harbor" />
    <terrain x="17" y="34" type="Mountains" />
    <terrain x="17" y="35" type="Water" />
    <terrain x="17" y="36" type="Water" />
    <terrain x="17" y="37" type="Water" />
    <terrain x="17" y="38" type="Mountains" />
    <terrain x="17" y="39" type="Water" />
    <terrain x="18" y="0" type="Mountains" />
    <terrain x="18" y="1" type="Plains" />
    <terrain x="18" y="2" type="Mountains" />
    <terrain x="18" y="3" type="Water" />
    <terrain x="18" y="4" type="Plains" />
    <terrain x="18" y="5" type="Woods" />
    <terrain x="18" y="6" type="Water" />
    <terrain x="18" y="7" type="Woods" />
    <terrain startFaction="0" x="18" y="8" type="Base" />
    <terrain x="18" y="9" type="Plains" />
    <terrain x="18" y="10" type="Plains" />
    <terrain x="18" y="11" type="Plains" />
    <terrain x="18" y="12" type="Plains" />
    <terrain x="18" y="13" type="Plains" />
    <terrain x="18" y="14" type="Plains" />
    <terrain x="18" y="15" type="Water" />
    <terrain x="18" y="16" type="Mountains" />
    <terrain x="18" y="17" type="Woods" />
    <terrain x="18" y="18" type="Plains" />
    <terrain x="18" y="19" type="Plains" />
    <terrain x="18" y="20" type="Water" />
    <terrain x="18" y="21" type="Mountains" />
    <terrain x="18" y="22" type="Mountains" />
    <terrain x="18" y="23" type="Plains" />
    <terrain x="18" y="24" type="Mountains" />
    <terrain x="18" y="25" type="Plains" />
    <terrain x="18" y="26" type="Mountains" />
    <terrain x="18" y="27" type="Plains" />
    <terrain x="18" y="28" type="Mountains" />
    <terrain x="18" y="29" type="Mountains" />
    <terrain x="18" y="30" type="Water" />
    <terrain x="18" y="31" type="Plains" />
    <terrain x="18" y="32" type="Plains" />
    <terrain x="18" y="33" type="Mountains" />
    <terrain x="18" y="34" type="Mountains" />
    <terrain x="18" y="35" type="Water" />
    <terrain x="18" y="36" type="Water" />
    <terrain x="18" y="37" type="Water" />
    <terrain x="18" y="38" type="Woods" />
    <terrain x="18" y="39" type="Water" />
    <terrain x="19" y="0" type="Mountains" />
    <terrain x="19" y="1" type="Woods" />
    <terrain startUnit="Trooper" startUnitOwner="0" x="19" y="2" type="Woods" />
    <terrain x="19" y="3" type="Water" />
    <terrain x="19" y="4" type="Woods" />
    <terrain x="19" y="5" type="Mountains" />
    <terrain x="19" y="6" type="Water" />
    <terrain x="19" y="7" type="Water" />
    <terrain x="19" y="8" type="Mountains" />
    <terrain x="19" y="9" type="Plains" />
    <terrain x="19" y="10" type="Plains" />
    <terrain x="19" y="11" type="Plains" />
    <terrain x="19" y="12" type="Plains" />
    <terrain x="19" y="13" type="Plains" />
    <terrain x="19" y="14" type="Plains" />
    <terrain x="19" y="15" type="Plains" />
    <terrain x="19" y="16" type="Water" />
    <terrain x="19" y="17" type="Woods" />
    <terrain x="19" y="18" type="Plains" />
    <terrain x="19" y="19" type="Plains" />
    <terrain x="19" y="20" type="Plains" />
    <terrain x="19" y="21" type="Plains" />
    <terrain x="19" y="22" type="Plains" />
    <terrain x="19" y="23" type="Plains" />
    <terrain x="19" y="24" type="Plains" />
    <terrain x="19" y="25" type="Plains" />
    <terrain x="19" y="26" type="Plains" />
    <terrain x="19" y="27" type="Plains" />
    <terrain x="19" y="28" type="Plains" />
    <terrain x="19" y="29" type="Plains" />
    <terrain x="19" y="30" type="Plains" />
    <terrain x="19" y="31" type="Plains" />
    <terrain x="19" y="32" type="Plains" />
    <terrain x="19" y="33" type="Mountains" />
    <terrain x="19" y="34" type="Water" />
    <terrain x="19" y="35" type="Water" />
    <terrain x="19" y="36" type="Water" />
    <terrain x="19" y="37" type="Mountains" />
    <terrain x="19" y="38" type="Woods" />
    <terrain x="19" y="39" type="Water" />
    <terrain x="20" y="0" type="Mountains" />
    <terrain x="20" y="1" type="Water" />
    <terrain x="20" y="2" type="Water" />
    <terrain x="20" y="3" type="Mountains" />
    <terrain x="20" y="4" type="Swamp" />
    <terrain x="20" y="5" type="Water" />
    <terrain x="20" y="6" type="Water" />
    <terrain x="20" y="7" type="Mountains" />
    <terrain x="20" y="8" type="Mountains" />
    <terrain x="20" y="9" type="Plains" />
    <terrain x="20" y="10" type="Plains" />
    <terrain x="20" y="11" type="Plains" />
    <terrain x="20" y="12" type="Plains" />
    <terrain x="20" y="13" type="Plains" />
    <terrain x="20" y="14" type="Plains" />
    <terrain x="20" y="15" type="Plains" />
    <terrain x="20" y="16" type="Water" />
    <terrain x="20" y="17" type="Water" />
    <terrain x="20" y="18" type="Woods" />
    <terrain x="20" y="19" type="Mountains" />
    <terrain x="20" y="20" type="Plains" />
    <terrain x="20" y="21" type="Plains" />
    <terrain x="20" y="22" type="Base" />
    <terrain x="20" y="23" type="Base" />
    <terrain x="20" y="24" type="Plains" />
    <terrain x="20" y="25" type="Plains" />
    <terrain x="20" y="26" type="Plains" />
    <terrain x="20" y="27" type="Base" />
    <terrain x="20" y="28" type="Base" />
    <terrain x="20" y="29" type="Plains" />
    <terrain x="20" y="30" type="Plains" />
    <terrain x="20" y="31" type="Woods" />
    <terrain x="20" y="32" type="Mountains" />
    <terrain x="20" y="33" type="Water" />
    <terrain x="20" y="34" type="Water" />
    <terrain x="20" y="35" type="Swamp" />
    <terrain x="20" y="36" type="Mountains" />
    <terrain x="20" y="37" type="Water" />
    <terrain x="20" y="38" type="Water" />
    <terrain x="20" y="39" type="Water" />
    <terrain x="21" y="0" type="Harbor" />
    <terrain x="21" y="1" type="Water" />
    <terrain x="21" y="2" type="Water" />
    <terrain x="21" y="3" type="Water" />
    <terrain x="21" y="4" type="Water" />
    <terrain x="21" y="5" type="Woods" />
    <terrain x="21" y="6" type="Mountains" />
    <terrain x="21" y="7" type="Plains" />
    <terrain x="21" y="8" type="Plains" />
    <terrain x="21" y="9" type="Plains" />
    <terrain x="21" y="10" type="Plains" />
    <terrain x="21" y="11" type="Plains" />
    <terrain x="21" y="12" type="Plains" />
    <terrain x="21" y="13" type="Plains" />
    <terrain x="21" y="14" type="Plains" />
    <terrain x="21" y="15" type="Plains" />
    <terrain x="21" y="16" type="Plains" />
    <terrain x="21" y="17" type="Plains" />
    <terrain x="21" y="18" type="Water" />
    <terrain x="21" y="19" type="Water" />
    <terrain x="21" y="20" type="Mountains" />
    <terrain x="21" y="21" type="Mountains" />
    <terrain x="21" y="22" type="Base" />
    <terrain x="21" y="23" type="Plains" />
    <terrain x="21" y="24" type="Plains" />
    <terrain x="21" y="25" type="Plains" />
    <terrain x="21" y="26" type="Plains" />
    <terrain x="21" y="27" type="Plains" />
    <terrain x="21" y="28" type="Base" />
    <terrain x="21" y="29" type="Woods" />
    <terrain x="21" y="30" type="Mountains" />
    <terrain x="21" y="31" type="Water" />
    <terrain x="21" y="32" type="Water" />
    <terrain x="21" y="33" type="Plains" />
    <terrain x="21" y="34" type="Plains" />
    <terrain x="21" y="35" type="Plains" />
    <terrain startFaction="1" x="21" y="36" type="Base" />
    <terrain x="21" y="37" type="Water" />
    <terrain x="21" y="38" type="Water" />
    <terrain x="21" y="39" type="Water" />
    <terrain x="22" y="0" type="Mountains" />
    <terrain x="22" y="2" type="Swamp" />
    <terrain x="22" y="3" type="Woods" />
    <terrain x="22" y="4" type="Woods" />
    <terrain x="22" y="6" type="Plains" />
    <terrain x="22" y="7" type="Plains" />
    <terrain x="22" y="8" type="Plains" />
    <terrain x="22" y="10" type="Plains" />
    <terrain x="22" y="11" type="Plains" />
    <terrain x="22" y="12" type="Plains" />
    <terrain x="22" y="14" type="Plains" />
    <terrain x="22" y="15" type="Plains" />
    <terrain x="22" y="16" type="Plains" />
    <terrain x="22" y="18" type="Plains" />
    <terrain x="22" y="19" type="Plains" />
    <terrain x="22" y="20" type="Water" />
    <terrain x="22" y="22" type="Plains" />
    <terrain x="22" y="23" type="Plains" />
    <terrain x="22" y="24" type="Plains" />
    <terrain x="22" y="26" type="Plains" />
    <terrain x="22" y="27" type="Plains" />
    <terrain x="22" y="28" type="Plains" />
    <terrain x="22" y="30" type="Water" />
    <terrain x="22" y="31" type="Plains" />
    <terrain x="22" y="32" type="Plains" />
    <terrain x="22" y="34" type="Water" />
    <terrain x="22" y="35" type="Water" />
    <terrain x="22" y="36" type="Mountains" />
    <terrain x="22" y="38" type="Water" />
    <terrain x="22" y="39" type="Water" />
  </terrains>
</map>

