<?xml version="1.0" encoding="UTF-8"?>
<map id="21048">
  <name>triple team</name>
  <initialCredits>0</initialCredits>
  <perBaseCredits>1000</perBaseCredits>
  <width>25</width>
  <height>25</height>
  <maxPlayers>3</maxPlayers>
  <url>http://weewar.com/map/21048</url>
  <thumbnail>http://weewar.com/images/maps/boardThumb_21048_ir3.png</thumbnail>
  <preview>http://weewar.com/images/maps/preview_21048_ir3.png</preview>
  <revision>1</revision>
  <creator>infinator1</creator>
  <creatorProfile>http://weewar.com/user/infinator1</creatorProfile>
  <terrains>
    <terrain x="0" y="13" type="Plains" />
    <terrain x="0" y="14" type="Plains" />
    <terrain x="0" y="15" type="Plains" />
    <terrain x="0" y="16" type="Plains" />
    <terrain x="0" y="17" type="Plains" />
    <terrain x="0" y="18" type="Plains" />
    <terrain x="1" y="11" type="Plains" />
    <terrain x="1" y="12" type="Plains" />
    <terrain x="1" y="13" type="Plains" />
    <terrain x="1" y="14" type="Plains" />
    <terrain x="1" y="15" type="Plains" />
    <terrain x="1" y="16" type="Plains" />
    <terrain x="1" y="17" type="Plains" />
    <terrain x="1" y="18" type="Plains" />
    <terrain x="2" y="9" type="Plains" />
    <terrain x="2" y="10" type="Plains" />
    <terrain x="2" y="11" type="Plains" />
    <terrain x="2" y="12" type="Plains" />
    <terrain x="2" y="13" type="Plains" />
    <terrain x="2" y="14" type="Plains" />
    <terrain x="2" y="15" type="Plains" />
    <terrain x="2" y="16" type="Plains" />
    <terrain x="2" y="17" type="Plains" />
    <terrain x="2" y="19" type="Harbor" />
    <terrain x="2" y="21" type="Plains" />
    <terrain x="3" y="7" type="Airfield" />
    <terrain x="3" y="8" type="Airfield" />
    <terrain x="3" y="9" type="Plains" />
    <terrain x="3" y="10" type="Plains" />
    <terrain x="3" y="11" type="Plains" />
    <terrain x="3" y="12" type="Plains" />
    <terrain x="3" y="13" type="Plains" />
    <terrain x="3" y="14" type="Plains" />
    <terrain x="3" y="15" type="Plains" />
    <terrain x="3" y="16" type="Plains" />
    <terrain x="3" y="17" type="Water" />
    <terrain x="3" y="18" type="Water" />
    <terrain x="3" y="19" type="Water" />
    <terrain x="3" y="21" type="Plains" />
    <terrain x="3" y="22" type="Plains" />
    <terrain x="3" y="23" type="Plains" />
    <terrain x="4" y="5" type="Plains" />
    <terrain x="4" y="6" type="Airfield" />
    <terrain x="4" y="7" type="Plains" />
    <terrain x="4" y="8" type="Plains" />
    <terrain x="4" y="9" type="Plains" />
    <terrain x="4" y="10" type="Plains" />
    <terrain x="4" y="11" type="Plains" />
    <terrain x="4" y="12" type="Plains" />
    <terrain x="4" y="13" type="Plains" />
    <terrain x="4" y="14" type="Plains" />
    <terrain x="4" y="15" type="Water" />
    <terrain x="4" y="16" type="Water" />
    <terrain x="4" y="17" type="Plains" />
    <terrain x="4" y="18" type="Plains" />
    <terrain x="4" y="19" type="Water" />
    <terrain x="4" y="20" type="Plains" />
    <terrain x="4" y="21" type="Plains" />
    <terrain x="4" y="22" type="Plains" />
    <terrain x="4" y="23" type="Plains" />
    <terrain x="4" y="24" type="Plains" />
    <terrain x="5" y="3" type="Plains" />
    <terrain x="5" y="4" type="Plains" />
    <terrain x="5" y="5" type="Plains" />
    <terrain x="5" y="6" type="Plains" />
    <terrain x="5" y="7" type="Plains" />
    <terrain x="5" y="8" type="Plains" />
    <terrain x="5" y="9" type="Plains" />
    <terrain x="5" y="10" type="Plains" />
    <terrain x="5" y="11" type="Plains" />
    <terrain x="5" y="12" type="Plains" />
    <terrain x="5" y="13" type="Water" />
    <terrain x="5" y="14" type="Water" />
    <terrain x="5" y="15" type="Plains" />
    <terrain x="5" y="16" type="Plains" />
    <terrain x="5" y="17" type="Plains" />
    <terrain x="5" y="18" type="Plains" />
    <terrain x="5" y="19" type="Water" />
    <terrain x="5" y="20" type="Plains" />
    <terrain x="5" y="21" type="Plains" />
    <terrain x="5" y="22" type="Plains" />
    <terrain x="5" y="23" type="Plains" />
    <terrain x="5" y="24" type="Plains" />
    <terrain x="6" y="1" type="Plains" />
    <terrain x="6" y="2" type="Plains" />
    <terrain x="6" y="3" type="Plains" />
    <terrain x="6" y="4" type="Plains" />
    <terrain x="6" y="5" type="Plains" />
    <terrain x="6" y="6" type="Plains" />
    <terrain x="6" y="7" type="Plains" />
    <terrain x="6" y="8" type="Plains" />
    <terrain x="6" y="9" type="Plains" />
    <terrain startUnit="DFA" startUnitOwner="1" x="6" y="10" type="Plains" />
    <terrain x="6" y="11" type="Water" />
    <terrain x="6" y="12" type="Water" />
    <terrain x="6" y="13" type="Plains" />
    <terrain x="6" y="14" type="Plains" />
    <terrain x="6" y="15" type="Plains" />
    <terrain x="6" y="16" type="Plains" />
    <terrain x="6" y="17" type="Plains" />
    <terrain x="6" y="18" type="Plains" />
    <terrain x="6" y="19" type="Water" />
    <terrain x="6" y="20" type="Plains" />
    <terrain x="6" y="21" type="Plains" />
    <terrain x="6" y="22" type="Plains" />
    <terrain x="6" y="23" type="Plains" />
    <terrain x="6" y="24" type="Plains" />
    <terrain x="7" y="0" type="Plains" />
    <terrain x="7" y="1" type="Plains" />
    <terrain x="7" y="2" type="Plains" />
    <terrain x="7" y="3" type="Plains" />
    <terrain x="7" y="4" type="Plains" />
    <terrain x="7" y="5" type="Plains" />
    <terrain x="7" y="6" type="Plains" />
    <terrain x="7" y="7" type="Plains" />
    <terrain startUnit="DFA" startUnitOwner="1" x="7" y="8" type="Plains" />
    <terrain x="7" y="9" type="Water" />
    <terrain x="7" y="10" type="Water" />
    <terrain startUnit="Berserker" startUnitOwner="1" x="7" y="11" type="Plains" />
    <terrain startFaction="1" x="7" y="12" type="Base" />
    <terrain x="7" y="13" type="Plains" />
    <terrain x="7" y="14" type="Plains" />
    <terrain x="7" y="15" type="Plains" />
    <terrain x="7" y="16" type="Plains" />
    <terrain x="7" y="17" type="Plains" />
    <terrain x="7" y="18" type="Plains" />
    <terrain x="7" y="19" type="Water" />
    <terrain x="7" y="20" type="Plains" />
    <terrain x="7" y="21" type="Plains" />
    <terrain x="7" y="22" type="Plains" />
    <terrain x="7" y="23" type="Plains" />
    <terrain x="7" y="24" type="Plains" />
    <terrain x="8" y="0" type="Plains" />
    <terrain x="8" y="1" type="Plains" />
    <terrain x="8" y="2" type="Plains" />
    <terrain x="8" y="3" type="Plains" />
    <terrain x="8" y="4" type="Plains" />
    <terrain x="8" y="5" type="Plains" />
    <terrain x="8" y="6" type="Plains" />
    <terrain x="8" y="7" type="Water" />
    <terrain x="8" y="8" type="Water" />
    <terrain startUnit="Berserker" startUnitOwner="1" x="8" y="9" type="Plains" />
    <terrain startFaction="1" x="8" y="10" type="Base" />
    <terrain x="8" y="11" type="Plains" />
    <terrain x="8" y="12" type="Plains" />
    <terrain x="8" y="13" type="Plains" />
    <terrain x="8" y="14" type="Plains" />
    <terrain x="8" y="15" type="Plains" />
    <terrain x="8" y="16" type="Plains" />
    <terrain x="8" y="17" type="Plains" />
    <terrain x="8" y="18" type="Plains" />
    <terrain x="8" y="19" type="Water" />
    <terrain x="8" y="20" type="Plains" />
    <terrain x="8" y="21" type="Plains" />
    <terrain x="8" y="22" type="Plains" />
    <terrain x="8" y="23" type="Plains" />
    <terrain x="8" y="24" type="Plains" />
    <terrain x="9" y="0" type="Plains" />
    <terrain x="9" y="1" type="Plains" />
    <terrain x="9" y="2" type="Plains" />
    <terrain x="9" y="3" type="Plains" />
    <terrain x="9" y="4" type="Plains" />
    <terrain x="9" y="5" type="Water" />
    <terrain x="9" y="6" type="Water" />
    <terrain x="9" y="7" type="Plains" />
    <terrain startFaction="1" x="9" y="8" type="Base" />
    <terrain x="9" y="9" type="Plains" />
    <terrain x="9" y="10" type="Plains" />
    <terrain x="9" y="11" type="Plains" />
    <terrain x="9" y="12" type="Plains" />
    <terrain x="9" y="13" type="Plains" />
    <terrain x="9" y="14" type="Plains" />
    <terrain x="9" y="15" type="Plains" />
    <terrain x="9" y="16" type="Plains" />
    <terrain x="9" y="17" type="Plains" />
    <terrain x="9" y="18" type="Plains" />
    <terrain x="9" y="19" type="Water" />
    <terrain x="9" y="20" type="Plains" />
    <terrain x="9" y="21" type="Plains" />
    <terrain x="9" y="22" type="Plains" />
    <terrain x="9" y="23" type="Plains" />
    <terrain x="9" y="24" type="Plains" />
    <terrain x="10" y="0" type="Plains" />
    <terrain x="10" y="1" type="Plains" />
    <terrain x="10" y="2" type="Plains" />
    <terrain x="10" y="3" type="Water" />
    <terrain x="10" y="4" type="Water" />
    <terrain x="10" y="5" type="Plains" />
    <terrain x="10" y="6" type="Plains" />
    <terrain x="10" y="7" type="Plains" />
    <terrain x="10" y="8" type="Plains" />
    <terrain x="10" y="9" type="Plains" />
    <terrain x="10" y="10" type="Plains" />
    <terrain x="10" y="11" type="Plains" />
    <terrain x="10" y="12" type="Plains" />
    <terrain x="10" y="13" type="Plains" />
    <terrain x="10" y="14" type="Plains" />
    <terrain x="10" y="15" type="Plains" />
    <terrain x="10" y="16" type="Plains" />
    <terrain x="10" y="17" type="Plains" />
    <terrain startFaction="0" x="10" y="18" type="Base" />
    <terrain x="10" y="19" type="Water" />
    <terrain x="10" y="20" type="Plains" />
    <terrain x="10" y="21" type="Plains" />
    <terrain x="10" y="22" type="Plains" />
    <terrain x="10" y="23" type="Plains" />
    <terrain x="10" y="24" type="Plains" />
    <terrain x="11" y="1" type="Water" />
    <terrain x="11" y="2" type="Water" />
    <terrain x="11" y="3" type="Plains" />
    <terrain x="11" y="4" type="Plains" />
    <terrain x="11" y="5" type="Plains" />
    <terrain x="11" y="6" type="Plains" />
    <terrain x="11" y="7" type="Plains" />
    <terrain x="11" y="8" type="Plains" />
    <terrain x="11" y="9" type="Plains" />
    <terrain x="11" y="10" type="Plains" />
    <terrain x="11" y="11" type="Plains" />
    <terrain x="11" y="12" type="Plains" />
    <terrain x="11" y="13" type="Plains" />
    <terrain x="11" y="14" type="Plains" />
    <terrain x="11" y="15" type="Plains" />
    <terrain x="11" y="16" type="Plains" />
    <terrain x="11" y="17" type="Plains" />
    <terrain startUnit="Berserker" startUnitOwner="0" x="11" y="18" type="Plains" />
    <terrain x="11" y="19" type="Water" />
    <terrain startUnit="DFA" startUnitOwner="0" x="11" y="20" type="Plains" />
    <terrain x="11" y="21" type="Plains" />
    <terrain x="11" y="22" type="Plains" />
    <terrain x="11" y="23" type="Plains" />
    <terrain x="11" y="24" type="Airfield" />
    <terrain x="12" y="0" type="Harbor" />
    <terrain x="12" y="1" type="Water" />
    <terrain x="12" y="2" type="Plains" />
    <terrain x="12" y="3" type="Plains" />
    <terrain x="12" y="4" type="Plains" />
    <terrain x="12" y="5" type="Plains" />
    <terrain x="12" y="6" type="Plains" />
    <terrain x="12" y="7" type="Plains" />
    <terrain x="12" y="8" type="Plains" />
    <terrain x="12" y="9" type="Plains" />
    <terrain x="12" y="10" type="Plains" />
    <terrain x="12" y="11" type="Plains" />
    <terrain x="12" y="12" type="Plains" />
    <terrain x="12" y="13" type="Plains" />
    <terrain x="12" y="14" type="Plains" />
    <terrain x="12" y="15" type="Plains" />
    <terrain x="12" y="16" type="Plains" />
    <terrain x="12" y="17" type="Plains" />
    <terrain startFaction="0" x="12" y="18" type="Base" />
    <terrain x="12" y="19" type="Water" />
    <terrain x="12" y="20" type="Plains" />
    <terrain x="12" y="21" type="Plains" />
    <terrain x="12" y="22" type="Plains" />
    <terrain x="12" y="23" type="Plains" />
    <terrain x="12" y="24" type="Airfield" />
    <terrain x="13" y="1" type="Plains" />
    <terrain x="13" y="2" type="Water" />
    <terrain x="13" y="3" type="Water" />
    <terrain x="13" y="4" type="Plains" />
    <terrain x="13" y="5" type="Plains" />
    <terrain x="13" y="6" type="Plains" />
    <terrain x="13" y="7" type="Plains" />
    <terrain x="13" y="8" type="Plains" />
    <terrain x="13" y="9" type="Plains" />
    <terrain x="13" y="10" type="Plains" />
    <terrain x="13" y="11" type="Plains" />
    <terrain x="13" y="12" type="Plains" />
    <terrain x="13" y="13" type="Plains" />
    <terrain x="13" y="14" type="Plains" />
    <terrain x="13" y="15" type="Plains" />
    <terrain x="13" y="16" type="Plains" />
    <terrain x="13" y="17" type="Plains" />
    <terrain startUnit="Berserker" startUnitOwner="0" x="13" y="18" type="Plains" />
    <terrain x="13" y="19" type="Water" />
    <terrain startUnit="DFA" startUnitOwner="0" x="13" y="20" type="Plains" />
    <terrain x="13" y="21" type="Plains" />
    <terrain x="13" y="22" type="Plains" />
    <terrain x="13" y="23" type="Plains" />
    <terrain x="13" y="24" type="Airfield" />
    <terrain x="14" y="0" type="Plains" />
    <terrain x="14" y="1" type="Plains" />
    <terrain x="14" y="2" type="Plains" />
    <terrain x="14" y="3" type="Plains" />
    <terrain x="14" y="4" type="Water" />
    <terrain x="14" y="5" type="Water" />
    <terrain x="14" y="6" type="Plains" />
    <terrain x="14" y="7" type="Plains" />
    <terrain x="14" y="8" type="Plains" />
    <terrain x="14" y="9" type="Plains" />
    <terrain x="14" y="10" type="Plains" />
    <terrain x="14" y="11" type="Plains" />
    <terrain x="14" y="12" type="Plains" />
    <terrain x="14" y="13" type="Plains" />
    <terrain x="14" y="14" type="Plains" />
    <terrain x="14" y="15" type="Plains" />
    <terrain x="14" y="16" type="Plains" />
    <terrain x="14" y="17" type="Plains" />
    <terrain startFaction="0" x="14" y="18" type="Base" />
    <terrain x="14" y="19" type="Water" />
    <terrain x="14" y="20" type="Plains" />
    <terrain x="14" y="21" type="Plains" />
    <terrain x="14" y="22" type="Plains" />
    <terrain x="14" y="23" type="Plains" />
    <terrain x="14" y="24" type="Plains" />
    <terrain x="15" y="0" type="Plains" />
    <terrain x="15" y="1" type="Plains" />
    <terrain x="15" y="2" type="Plains" />
    <terrain x="15" y="3" type="Plains" />
    <terrain x="15" y="4" type="Plains" />
    <terrain x="15" y="5" type="Plains" />
    <terrain x="15" y="6" type="Water" />
    <terrain x="15" y="7" type="Water" />
    <terrain startFaction="2" x="15" y="8" type="Base" />
    <terrain startUnit="Berserker" startUnitOwner="2" x="15" y="9" type="Plains" />
    <terrain x="15" y="10" type="Plains" />
    <terrain x="15" y="11" type="Plains" />
    <terrain x="15" y="12" type="Plains" />
    <terrain x="15" y="13" type="Plains" />
    <terrain x="15" y="14" type="Plains" />
    <terrain x="15" y="15" type="Plains" />
    <terrain x="15" y="16" type="Plains" />
    <terrain x="15" y="17" type="Plains" />
    <terrain x="15" y="18" type="Plains" />
    <terrain x="15" y="19" type="Water" />
    <terrain x="15" y="20" type="Plains" />
    <terrain x="15" y="21" type="Plains" />
    <terrain x="15" y="22" type="Plains" />
    <terrain x="15" y="23" type="Plains" />
    <terrain x="15" y="24" type="Plains" />
    <terrain x="16" y="0" type="Plains" />
    <terrain x="16" y="1" type="Plains" />
    <terrain x="16" y="2" type="Plains" />
    <terrain x="16" y="3" type="Plains" />
    <terrain x="16" y="4" type="Plains" />
    <terrain x="16" y="5" type="Plains" />
    <terrain x="16" y="6" type="Plains" />
    <terrain x="16" y="7" type="Plains" />
    <terrain x="16" y="8" type="Water" />
    <terrain x="16" y="9" type="Water" />
    <terrain startFaction="2" x="16" y="10" type="Base" />
    <terrain startUnit="Berserker" startUnitOwner="2" x="16" y="11" type="Plains" />
    <terrain x="16" y="12" type="Plains" />
    <terrain x="16" y="13" type="Plains" />
    <terrain x="16" y="14" type="Plains" />
    <terrain x="16" y="15" type="Plains" />
    <terrain x="16" y="16" type="Plains" />
    <terrain x="16" y="17" type="Plains" />
    <terrain x="16" y="18" type="Plains" />
    <terrain x="16" y="19" type="Water" />
    <terrain x="16" y="20" type="Plains" />
    <terrain x="16" y="21" type="Plains" />
    <terrain x="16" y="22" type="Plains" />
    <terrain x="16" y="23" type="Plains" />
    <terrain x="16" y="24" type="Plains" />
    <terrain x="17" y="0" type="Plains" />
    <terrain x="17" y="1" type="Plains" />
    <terrain x="17" y="2" type="Plains" />
    <terrain x="17" y="3" type="Plains" />
    <terrain x="17" y="4" type="Plains" />
    <terrain x="17" y="5" type="Plains" />
    <terrain x="17" y="6" type="Plains" />
    <terrain x="17" y="7" type="Plains" />
    <terrain startUnit="DFA" startUnitOwner="2" x="17" y="8" type="Plains" />
    <terrain x="17" y="9" type="Plains" />
    <terrain x="17" y="10" type="Water" />
    <terrain x="17" y="11" type="Water" />
    <terrain startFaction="2" x="17" y="12" type="Base" />
    <terrain x="17" y="13" type="Plains" />
    <terrain x="17" y="14" type="Plains" />
    <terrain x="17" y="15" type="Plains" />
    <terrain x="17" y="16" type="Plains" />
    <terrain x="17" y="17" type="Plains" />
    <terrain x="17" y="18" type="Plains" />
    <terrain x="17" y="19" type="Water" />
    <terrain x="17" y="20" type="Plains" />
    <terrain x="17" y="21" type="Plains" />
    <terrain x="17" y="22" type="Plains" />
    <terrain x="17" y="23" type="Plains" />
    <terrain x="17" y="24" type="Plains" />
    <terrain x="18" y="2" type="Plains" />
    <terrain x="18" y="3" type="Plains" />
    <terrain x="18" y="4" type="Plains" />
    <terrain x="18" y="5" type="Plains" />
    <terrain x="18" y="6" type="Plains" />
    <terrain x="18" y="7" type="Plains" />
    <terrain x="18" y="8" type="Plains" />
    <terrain x="18" y="9" type="Plains" />
    <terrain startUnit="DFA" startUnitOwner="2" x="18" y="10" type="Plains" />
    <terrain x="18" y="11" type="Plains" />
    <terrain x="18" y="12" type="Water" />
    <terrain x="18" y="13" type="Water" />
    <terrain x="18" y="14" type="Plains" />
    <terrain x="18" y="15" type="Plains" />
    <terrain x="18" y="16" type="Plains" />
    <terrain x="18" y="17" type="Plains" />
    <terrain x="18" y="18" type="Plains" />
    <terrain x="18" y="19" type="Water" />
    <terrain x="18" y="20" type="Plains" />
    <terrain x="18" y="21" type="Plains" />
    <terrain x="18" y="22" type="Plains" />
    <terrain x="18" y="23" type="Plains" />
    <terrain x="18" y="24" type="Plains" />
    <terrain x="19" y="4" type="Plains" />
    <terrain x="19" y="5" type="Plains" />
    <terrain x="19" y="6" type="Plains" />
    <terrain x="19" y="7" type="Plains" />
    <terrain x="19" y="8" type="Plains" />
    <terrain x="19" y="9" type="Plains" />
    <terrain x="19" y="10" type="Plains" />
    <terrain x="19" y="11" type="Plains" />
    <terrain x="19" y="12" type="Plains" />
    <terrain x="19" y="13" type="Plains" />
    <terrain x="19" y="14" type="Water" />
    <terrain x="19" y="15" type="Water" />
    <terrain x="19" y="16" type="Plains" />
    <terrain x="19" y="17" type="Plains" />
    <terrain x="19" y="18" type="Plains" />
    <terrain x="19" y="19" type="Water" />
    <terrain x="19" y="20" type="Plains" />
    <terrain x="19" y="21" type="Plains" />
    <terrain x="19" y="22" type="Plains" />
    <terrain x="19" y="23" type="Plains" />
    <terrain x="19" y="24" type="Plains" />
    <terrain x="20" y="6" type="Airfield" />
    <terrain x="20" y="7" type="Airfield" />
    <terrain x="20" y="8" type="Plains" />
    <terrain x="20" y="9" type="Plains" />
    <terrain x="20" y="10" type="Plains" />
    <terrain x="20" y="11" type="Plains" />
    <terrain x="20" y="12" type="Plains" />
    <terrain x="20" y="13" type="Plains" />
    <terrain x="20" y="14" type="Plains" />
    <terrain x="20" y="15" type="Plains" />
    <terrain x="20" y="16" type="Water" />
    <terrain x="20" y="17" type="Water" />
    <terrain x="20" y="18" type="Plains" />
    <terrain x="20" y="19" type="Water" />
    <terrain x="20" y="20" type="Plains" />
    <terrain x="20" y="21" type="Plains" />
    <terrain x="20" y="22" type="Plains" />
    <terrain x="20" y="23" type="Plains" />
    <terrain x="20" y="24" type="Plains" />
    <terrain x="21" y="8" type="Airfield" />
    <terrain x="21" y="9" type="Plains" />
    <terrain x="21" y="10" type="Plains" />
    <terrain x="21" y="11" type="Plains" />
    <terrain x="21" y="12" type="Plains" />
    <terrain x="21" y="13" type="Plains" />
    <terrain x="21" y="14" type="Plains" />
    <terrain x="21" y="15" type="Plains" />
    <terrain x="21" y="16" type="Plains" />
    <terrain x="21" y="17" type="Plains" />
    <terrain x="21" y="18" type="Water" />
    <terrain x="21" y="19" type="Harbor" />
    <terrain x="21" y="22" type="Plains" />
    <terrain x="22" y="10" type="Plains" />
    <terrain x="22" y="11" type="Plains" />
    <terrain x="22" y="12" type="Plains" />
    <terrain x="22" y="13" type="Plains" />
    <terrain x="22" y="14" type="Plains" />
    <terrain x="22" y="15" type="Plains" />
    <terrain x="22" y="16" type="Plains" />
    <terrain x="22" y="17" type="Plains" />
    <terrain x="23" y="12" type="Plains" />
    <terrain x="23" y="13" type="Plains" />
    <terrain x="23" y="14" type="Plains" />
    <terrain x="23" y="15" type="Plains" />
    <terrain x="23" y="16" type="Plains" />
    <terrain x="23" y="17" type="Plains" />
    <terrain x="23" y="18" type="Plains" />
    <terrain x="24" y="14" type="Plains" />
    <terrain x="24" y="15" type="Plains" />
    <terrain x="24" y="16" type="Plains" />
    <terrain x="24" y="17" type="Plains" />
    <terrain x="24" y="18" type="Plains" />
  </terrains>
</map>

