<?xml version="1.0" encoding="UTF-8"?>
<map id="21072">
  <name>Bikini Atoll</name>
  <initialCredits>5000</initialCredits>
  <perBaseCredits>500</perBaseCredits>
  <width>28</width>
  <height>19</height>
  <maxPlayers>6</maxPlayers>
  <url>http://weewar.com/map/21072</url>
  <thumbnail>http://weewar.com/images/maps/boardThumb_21072_ir3.png</thumbnail>
  <preview>http://weewar.com/images/maps/preview_21072_ir3.png</preview>
  <revision>2</revision>
  <creator>sgiacomelli</creator>
  <creatorProfile>http://weewar.com/user/sgiacomelli</creatorProfile>
  <terrains>
    <terrain startFaction="0" x="0" y="0" type="Base" />
    <terrain startFaction="0" x="0" y="1" type="Harbor" />
    <terrain startUnit="Bomber" startUnitOwner="0" x="0" y="2" type="Water" />
    <terrain x="0" y="3" type="Water" />
    <terrain x="0" y="4" type="Water" />
    <terrain x="0" y="5" type="Water" />
    <terrain x="0" y="6" type="Water" />
    <terrain x="0" y="7" type="Water" />
    <terrain x="0" y="8" type="Water" />
    <terrain x="0" y="9" type="Water" />
    <terrain x="0" y="10" type="Water" />
    <terrain x="0" y="11" type="Water" />
    <terrain x="0" y="12" type="Water" />
    <terrain x="0" y="13" type="Water" />
    <terrain x="0" y="14" type="Water" />
    <terrain x="0" y="15" type="Water" />
    <terrain startUnit="Bomber" startUnitOwner="2" x="0" y="16" type="Water" />
    <terrain startFaction="2" x="0" y="17" type="Harbor" />
    <terrain startFaction="2" x="0" y="18" type="Base" />
    <terrain startFaction="0" x="1" y="0" type="Harbor" />
    <terrain startUnit="Battleship" startUnitOwner="0" x="1" y="1" type="Water" />
    <terrain startUnit="Battleship" startUnitOwner="0" x="1" y="2" type="Water" />
    <terrain x="1" y="3" type="Water" />
    <terrain x="1" y="4" type="Water" />
    <terrain x="1" y="5" type="Water" />
    <terrain x="1" y="6" type="Water" />
    <terrain x="1" y="7" type="Water" />
    <terrain x="1" y="8" type="Water" />
    <terrain x="1" y="9" type="Water" />
    <terrain x="1" y="10" type="Water" />
    <terrain x="1" y="11" type="Water" />
    <terrain x="1" y="12" type="Water" />
    <terrain x="1" y="13" type="Water" />
    <terrain x="1" y="14" type="Water" />
    <terrain x="1" y="15" type="Water" />
    <terrain startUnit="Battleship" startUnitOwner="2" x="1" y="16" type="Water" />
    <terrain startUnit="Battleship" startUnitOwner="2" x="1" y="17" type="Water" />
    <terrain startFaction="2" x="1" y="18" type="Harbor" />
    <terrain startUnit="Bomber" startUnitOwner="0" x="2" y="0" type="Water" />
    <terrain x="2" y="1" type="Water" />
    <terrain startUnit="Submarine" startUnitOwner="0" x="2" y="2" type="Water" />
    <terrain x="2" y="3" type="Water" />
    <terrain x="2" y="4" type="Water" />
    <terrain x="2" y="5" type="Water" />
    <terrain x="2" y="6" type="Water" />
    <terrain x="2" y="7" type="Water" />
    <terrain x="2" y="8" type="Water" />
    <terrain x="2" y="9" type="Water" />
    <terrain x="2" y="10" type="Water" />
    <terrain x="2" y="11" type="Water" />
    <terrain x="2" y="12" type="Water" />
    <terrain x="2" y="13" type="Water" />
    <terrain x="2" y="14" type="Water" />
    <terrain x="2" y="15" type="Water" />
    <terrain startUnit="Submarine" startUnitOwner="2" x="2" y="16" type="Water" />
    <terrain x="2" y="17" type="Water" />
    <terrain startUnit="Bomber" startUnitOwner="2" x="2" y="18" type="Water" />
    <terrain x="3" y="0" type="Water" />
    <terrain x="3" y="1" type="Water" />
    <terrain x="3" y="2" type="Water" />
    <terrain x="3" y="3" type="Water" />
    <terrain x="3" y="4" type="Water" />
    <terrain x="3" y="5" type="Water" />
    <terrain x="3" y="6" type="Water" />
    <terrain x="3" y="7" type="Water" />
    <terrain x="3" y="8" type="Water" />
    <terrain x="3" y="9" type="Water" />
    <terrain x="3" y="10" type="Water" />
    <terrain x="3" y="11" type="Water" />
    <terrain x="3" y="12" type="Water" />
    <terrain x="3" y="13" type="Water" />
    <terrain x="3" y="14" type="Water" />
    <terrain x="3" y="15" type="Water" />
    <terrain x="3" y="16" type="Water" />
    <terrain x="3" y="17" type="Water" />
    <terrain x="3" y="18" type="Water" />
    <terrain x="4" y="0" type="Water" />
    <terrain x="4" y="1" type="Water" />
    <terrain x="4" y="2" type="Water" />
    <terrain x="4" y="3" type="Water" />
    <terrain x="4" y="4" type="Water" />
    <terrain x="4" y="5" type="Water" />
    <terrain x="4" y="6" type="Water" />
    <terrain x="4" y="7" type="Water" />
    <terrain x="4" y="8" type="Water" />
    <terrain x="4" y="9" type="Water" />
    <terrain x="4" y="10" type="Water" />
    <terrain x="4" y="11" type="Water" />
    <terrain x="4" y="12" type="Water" />
    <terrain x="4" y="13" type="Water" />
    <terrain x="4" y="14" type="Water" />
    <terrain x="4" y="15" type="Water" />
    <terrain x="4" y="16" type="Water" />
    <terrain x="4" y="17" type="Water" />
    <terrain x="4" y="18" type="Water" />
    <terrain x="5" y="0" type="Water" />
    <terrain x="5" y="1" type="Water" />
    <terrain x="5" y="2" type="Water" />
    <terrain x="5" y="3" type="Water" />
    <terrain x="5" y="4" type="Water" />
    <terrain x="5" y="5" type="Water" />
    <terrain x="5" y="6" type="Water" />
    <terrain x="5" y="7" type="Water" />
    <terrain x="5" y="8" type="Water" />
    <terrain x="5" y="9" type="Base" />
    <terrain x="5" y="10" type="Water" />
    <terrain x="5" y="11" type="Water" />
    <terrain x="5" y="12" type="Water" />
    <terrain x="5" y="13" type="Water" />
    <terrain x="5" y="14" type="Water" />
    <terrain x="5" y="15" type="Water" />
    <terrain x="5" y="16" type="Water" />
    <terrain x="5" y="17" type="Water" />
    <terrain x="5" y="18" type="Water" />
    <terrain x="6" y="0" type="Water" />
    <terrain x="6" y="1" type="Water" />
    <terrain x="6" y="2" type="Water" />
    <terrain x="6" y="3" type="Water" />
    <terrain x="6" y="4" type="Water" />
    <terrain x="6" y="5" type="Water" />
    <terrain x="6" y="6" type="Water" />
    <terrain x="6" y="7" type="Water" />
    <terrain x="6" y="8" type="Base" />
    <terrain x="6" y="9" type="Base" />
    <terrain x="6" y="10" type="Base" />
    <terrain x="6" y="11" type="Desert" />
    <terrain x="6" y="12" type="Water" />
    <terrain x="6" y="13" type="Water" />
    <terrain x="6" y="14" type="Water" />
    <terrain x="6" y="15" type="Water" />
    <terrain x="6" y="16" type="Water" />
    <terrain x="6" y="17" type="Water" />
    <terrain x="6" y="18" type="Water" />
    <terrain x="7" y="0" type="Water" />
    <terrain x="7" y="1" type="Water" />
    <terrain x="7" y="2" type="Water" />
    <terrain x="7" y="3" type="Water" />
    <terrain x="7" y="4" type="Water" />
    <terrain x="7" y="5" type="Water" />
    <terrain x="7" y="6" type="Water" />
    <terrain x="7" y="7" type="Desert" />
    <terrain x="7" y="8" type="Desert" />
    <terrain x="7" y="9" type="Mountains" />
    <terrain x="7" y="10" type="Desert" />
    <terrain x="7" y="11" type="Mountains" />
    <terrain x="7" y="12" type="Desert" />
    <terrain x="7" y="13" type="Desert" />
    <terrain x="7" y="14" type="Water" />
    <terrain x="7" y="15" type="Water" />
    <terrain x="7" y="16" type="Water" />
    <terrain x="7" y="17" type="Water" />
    <terrain x="7" y="18" type="Water" />
    <terrain x="8" y="0" type="Water" />
    <terrain x="8" y="1" type="Water" />
    <terrain x="8" y="2" type="Water" />
    <terrain x="8" y="3" type="Desert" />
    <terrain x="8" y="4" type="Water" />
    <terrain x="8" y="5" type="Desert" />
    <terrain x="8" y="6" type="Desert" />
    <terrain x="8" y="7" type="Mountains" />
    <terrain x="8" y="8" type="Mountains" />
    <terrain x="8" y="9" type="Desert" />
    <terrain x="8" y="10" type="Mountains" />
    <terrain x="8" y="11" type="Desert" />
    <terrain x="8" y="12" type="Mountains" />
    <terrain x="8" y="13" type="Mountains" />
    <terrain x="8" y="14" type="Desert" />
    <terrain x="8" y="15" type="Desert" />
    <terrain x="8" y="16" type="Water" />
    <terrain x="8" y="17" type="Water" />
    <terrain x="8" y="18" type="Water" />
    <terrain x="9" y="0" type="Water" />
    <terrain x="9" y="1" type="Water" />
    <terrain x="9" y="2" type="Desert" />
    <terrain x="9" y="3" type="Mountains" />
    <terrain x="9" y="4" type="Desert" />
    <terrain x="9" y="5" type="Mountains" />
    <terrain x="9" y="6" type="Mountains" />
    <terrain x="9" y="7" type="Desert" />
    <terrain x="9" y="8" type="Desert" />
    <terrain x="9" y="9" type="Water" />
    <terrain x="9" y="10" type="Water" />
    <terrain x="9" y="11" type="Water" />
    <terrain x="9" y="12" type="Desert" />
    <terrain x="9" y="13" type="Desert" />
    <terrain x="9" y="14" type="Mountains" />
    <terrain x="9" y="15" type="Mountains" />
    <terrain x="9" y="16" type="Desert" />
    <terrain x="9" y="17" type="Water" />
    <terrain x="9" y="18" type="Water" />
    <terrain x="10" y="0" type="Water" />
    <terrain x="10" y="1" type="Water" />
    <terrain x="10" y="2" type="Desert" />
    <terrain x="10" y="3" type="Mountains" />
    <terrain x="10" y="4" type="Mountains" />
    <terrain x="10" y="5" type="Desert" />
    <terrain x="10" y="6" type="Desert" />
    <terrain x="10" y="7" type="Water" />
    <terrain x="10" y="8" type="Water" />
    <terrain x="10" y="9" type="Water" />
    <terrain x="10" y="10" type="Water" />
    <terrain x="10" y="11" type="Water" />
    <terrain x="10" y="12" type="Water" />
    <terrain x="10" y="13" type="Water" />
    <terrain x="10" y="14" type="Desert" />
    <terrain x="10" y="15" type="Mountains" />
    <terrain x="10" y="16" type="Desert" />
    <terrain x="10" y="17" type="Water" />
    <terrain x="10" y="18" type="Water" />
    <terrain x="11" y="0" type="Water" />
    <terrain x="11" y="1" type="Water" />
    <terrain x="11" y="2" type="Desert" />
    <terrain x="11" y="3" type="Mountains" />
    <terrain x="11" y="4" type="Desert" />
    <terrain x="11" y="5" type="Water" />
    <terrain x="11" y="6" type="Water" />
    <terrain x="11" y="7" type="Water" />
    <terrain x="11" y="8" type="Water" />
    <terrain x="11" y="9" type="Water" />
    <terrain x="11" y="10" type="Water" />
    <terrain x="11" y="11" type="Water" />
    <terrain x="11" y="12" type="Water" />
    <terrain x="11" y="13" type="Water" />
    <terrain x="11" y="14" type="Desert" />
    <terrain x="11" y="15" type="Desert" />
    <terrain x="11" y="16" type="Desert" />
    <terrain x="11" y="17" type="Water" />
    <terrain x="11" y="18" type="Water" />
    <terrain startUnit="Bomber" startUnitOwner="4" x="12" y="0" type="Water" />
    <terrain x="12" y="1" type="Water" />
    <terrain x="12" y="2" type="Desert" />
    <terrain x="12" y="3" type="Desert" />
    <terrain x="12" y="4" type="Desert" />
    <terrain x="12" y="5" type="Water" />
    <terrain x="12" y="6" type="Water" />
    <terrain x="12" y="7" type="Water" />
    <terrain x="12" y="8" type="Water" />
    <terrain x="12" y="9" type="Water" />
    <terrain x="12" y="10" type="Water" />
    <terrain x="12" y="11" type="Water" />
    <terrain x="12" y="12" type="Water" />
    <terrain x="12" y="13" type="Water" />
    <terrain x="12" y="14" type="Water" />
    <terrain x="12" y="15" type="Water" />
    <terrain x="12" y="16" type="Water" />
    <terrain x="12" y="17" type="Water" />
    <terrain startUnit="Bomber" startUnitOwner="5" x="12" y="18" type="Water" />
    <terrain startFaction="4" x="13" y="0" type="Harbor" />
    <terrain startUnit="Battleship" startUnitOwner="4" x="13" y="1" type="Water" />
    <terrain x="13" y="2" type="Water" />
    <terrain x="13" y="3" type="Water" />
    <terrain x="13" y="4" type="Water" />
    <terrain x="13" y="5" type="Water" />
    <terrain x="13" y="6" type="Water" />
    <terrain x="13" y="7" type="Water" />
    <terrain x="13" y="8" type="Base" />
    <terrain x="13" y="9" type="Woods" />
    <terrain x="13" y="10" type="Base" />
    <terrain x="13" y="11" type="Water" />
    <terrain x="13" y="12" type="Water" />
    <terrain x="13" y="13" type="Water" />
    <terrain x="13" y="14" type="Water" />
    <terrain x="13" y="15" type="Water" />
    <terrain x="13" y="16" type="Water" />
    <terrain startUnit="Battleship" startUnitOwner="5" x="13" y="17" type="Water" />
    <terrain startFaction="5" x="13" y="18" type="Harbor" />
    <terrain startFaction="4" x="14" y="0" type="Base" />
    <terrain startUnit="Battleship" startUnitOwner="4" x="14" y="1" type="Water" />
    <terrain startUnit="Submarine" startUnitOwner="4" x="14" y="2" type="Water" />
    <terrain x="14" y="3" type="Water" />
    <terrain x="14" y="4" type="Water" />
    <terrain x="14" y="5" type="Water" />
    <terrain x="14" y="6" type="Water" />
    <terrain x="14" y="7" type="Water" />
    <terrain x="14" y="8" type="Base" />
    <terrain x="14" y="9" type="Water" />
    <terrain x="14" y="10" type="Base" />
    <terrain x="14" y="11" type="Water" />
    <terrain x="14" y="12" type="Water" />
    <terrain x="14" y="13" type="Water" />
    <terrain x="14" y="14" type="Water" />
    <terrain x="14" y="15" type="Water" />
    <terrain startUnit="Submarine" startUnitOwner="5" x="14" y="16" type="Water" />
    <terrain startUnit="Battleship" startUnitOwner="5" x="14" y="17" type="Water" />
    <terrain startFaction="5" x="14" y="18" type="Base" />
    <terrain startFaction="4" x="15" y="0" type="Harbor" />
    <terrain x="15" y="1" type="Water" />
    <terrain x="15" y="2" type="Water" />
    <terrain x="15" y="3" type="Desert" />
    <terrain x="15" y="4" type="Water" />
    <terrain x="15" y="5" type="Water" />
    <terrain x="15" y="6" type="Water" />
    <terrain x="15" y="7" type="Water" />
    <terrain x="15" y="8" type="Water" />
    <terrain x="15" y="9" type="Water" />
    <terrain x="15" y="10" type="Water" />
    <terrain x="15" y="11" type="Water" />
    <terrain x="15" y="12" type="Water" />
    <terrain x="15" y="13" type="Water" />
    <terrain x="15" y="14" type="Water" />
    <terrain x="15" y="15" type="Desert" />
    <terrain x="15" y="16" type="Water" />
    <terrain x="15" y="17" type="Water" />
    <terrain startFaction="5" x="15" y="18" type="Harbor" />
    <terrain startUnit="Bomber" startUnitOwner="4" x="16" y="0" type="Water" />
    <terrain x="16" y="1" type="Water" />
    <terrain x="16" y="2" type="Desert" />
    <terrain x="16" y="3" type="Mountains" />
    <terrain x="16" y="4" type="Desert" />
    <terrain x="16" y="5" type="Desert" />
    <terrain x="16" y="6" type="Water" />
    <terrain x="16" y="7" type="Water" />
    <terrain x="16" y="8" type="Water" />
    <terrain x="16" y="9" type="Water" />
    <terrain x="16" y="10" type="Water" />
    <terrain x="16" y="11" type="Water" />
    <terrain x="16" y="12" type="Water" />
    <terrain x="16" y="13" type="Water" />
    <terrain x="16" y="14" type="Desert" />
    <terrain x="16" y="15" type="Mountains" />
    <terrain x="16" y="16" type="Desert" />
    <terrain x="16" y="17" type="Water" />
    <terrain startUnit="Bomber" startUnitOwner="5" x="16" y="18" type="Water" />
    <terrain x="17" y="0" type="Water" />
    <terrain x="17" y="1" type="Water" />
    <terrain x="17" y="2" type="Desert" />
    <terrain x="17" y="3" type="Mountains" />
    <terrain x="17" y="4" type="Mountains" />
    <terrain x="17" y="5" type="Desert" />
    <terrain x="17" y="6" type="Water" />
    <terrain x="17" y="7" type="Water" />
    <terrain x="17" y="8" type="Water" />
    <terrain x="17" y="9" type="Water" />
    <terrain x="17" y="10" type="Water" />
    <terrain x="17" y="11" type="Water" />
    <terrain x="17" y="12" type="Water" />
    <terrain x="17" y="13" type="Desert" />
    <terrain x="17" y="14" type="Desert" />
    <terrain x="17" y="15" type="Mountains" />
    <terrain x="17" y="16" type="Desert" />
    <terrain x="17" y="17" type="Water" />
    <terrain x="17" y="18" type="Water" />
    <terrain x="18" y="0" type="Water" />
    <terrain x="18" y="1" type="Water" />
    <terrain x="18" y="2" type="Desert" />
    <terrain x="18" y="3" type="Desert" />
    <terrain x="18" y="4" type="Mountains" />
    <terrain x="18" y="5" type="Mountains" />
    <terrain x="18" y="6" type="Desert" />
    <terrain x="18" y="7" type="Desert" />
    <terrain x="18" y="8" type="Water" />
    <terrain x="18" y="9" type="Desert" />
    <terrain x="18" y="10" type="Water" />
    <terrain x="18" y="11" type="Desert" />
    <terrain x="18" y="12" type="Desert" />
    <terrain x="18" y="13" type="Mountains" />
    <terrain x="18" y="14" type="Mountains" />
    <terrain x="18" y="15" type="Desert" />
    <terrain x="18" y="16" type="Desert" />
    <terrain x="18" y="17" type="Water" />
    <terrain x="18" y="18" type="Water" />
    <terrain x="19" y="0" type="Water" />
    <terrain x="19" y="1" type="Water" />
    <terrain x="19" y="2" type="Water" />
    <terrain x="19" y="3" type="Water" />
    <terrain x="19" y="4" type="Desert" />
    <terrain x="19" y="5" type="Desert" />
    <terrain x="19" y="6" type="Mountains" />
    <terrain x="19" y="7" type="Mountains" />
    <terrain x="19" y="8" type="Desert" />
    <terrain x="19" y="9" type="Mountains" />
    <terrain x="19" y="10" type="Desert" />
    <terrain x="19" y="11" type="Mountains" />
    <terrain x="19" y="12" type="Mountains" />
    <terrain x="19" y="13" type="Desert" />
    <terrain x="19" y="14" type="Desert" />
    <terrain x="19" y="15" type="Water" />
    <terrain x="19" y="16" type="Water" />
    <terrain x="19" y="17" type="Water" />
    <terrain x="19" y="18" type="Water" />
    <terrain x="20" y="0" type="Water" />
    <terrain x="20" y="1" type="Water" />
    <terrain x="20" y="2" type="Water" />
    <terrain x="20" y="3" type="Water" />
    <terrain x="20" y="4" type="Water" />
    <terrain x="20" y="5" type="Water" />
    <terrain x="20" y="6" type="Desert" />
    <terrain x="20" y="7" type="Desert" />
    <terrain x="20" y="8" type="Mountains" />
    <terrain x="20" y="9" type="Desert" />
    <terrain x="20" y="10" type="Mountains" />
    <terrain x="20" y="11" type="Desert" />
    <terrain x="20" y="12" type="Desert" />
    <terrain x="20" y="13" type="Water" />
    <terrain x="20" y="14" type="Water" />
    <terrain x="20" y="15" type="Water" />
    <terrain x="20" y="16" type="Water" />
    <terrain x="20" y="17" type="Water" />
    <terrain x="20" y="18" type="Water" />
    <terrain x="21" y="0" type="Water" />
    <terrain x="21" y="1" type="Water" />
    <terrain x="21" y="2" type="Water" />
    <terrain x="21" y="3" type="Water" />
    <terrain x="21" y="4" type="Water" />
    <terrain x="21" y="5" type="Water" />
    <terrain x="21" y="6" type="Water" />
    <terrain x="21" y="7" type="Water" />
    <terrain x="21" y="8" type="Desert" />
    <terrain x="21" y="9" type="Base" />
    <terrain x="21" y="10" type="Desert" />
    <terrain x="21" y="11" type="Water" />
    <terrain x="21" y="12" type="Water" />
    <terrain x="21" y="13" type="Water" />
    <terrain x="21" y="14" type="Water" />
    <terrain x="21" y="15" type="Water" />
    <terrain x="21" y="16" type="Water" />
    <terrain x="21" y="17" type="Water" />
    <terrain x="21" y="18" type="Water" />
    <terrain x="22" y="0" type="Water" />
    <terrain x="22" y="1" type="Water" />
    <terrain x="22" y="2" type="Water" />
    <terrain x="22" y="3" type="Water" />
    <terrain x="22" y="4" type="Water" />
    <terrain x="22" y="5" type="Water" />
    <terrain x="22" y="6" type="Water" />
    <terrain x="22" y="7" type="Water" />
    <terrain x="22" y="8" type="Base" />
    <terrain x="22" y="9" type="Base" />
    <terrain x="22" y="10" type="Base" />
    <terrain x="22" y="11" type="Water" />
    <terrain x="22" y="12" type="Water" />
    <terrain x="22" y="13" type="Water" />
    <terrain x="22" y="14" type="Water" />
    <terrain x="22" y="15" type="Water" />
    <terrain x="22" y="16" type="Water" />
    <terrain x="22" y="17" type="Water" />
    <terrain x="22" y="18" type="Water" />
    <terrain x="23" y="0" type="Water" />
    <terrain x="23" y="1" type="Water" />
    <terrain x="23" y="2" type="Water" />
    <terrain x="23" y="3" type="Water" />
    <terrain x="23" y="4" type="Water" />
    <terrain x="23" y="5" type="Water" />
    <terrain x="23" y="6" type="Water" />
    <terrain x="23" y="7" type="Water" />
    <terrain x="23" y="8" type="Water" />
    <terrain x="23" y="9" type="Water" />
    <terrain x="23" y="10" type="Water" />
    <terrain x="23" y="11" type="Water" />
    <terrain x="23" y="12" type="Water" />
    <terrain x="23" y="13" type="Water" />
    <terrain x="23" y="14" type="Water" />
    <terrain x="23" y="15" type="Water" />
    <terrain x="23" y="16" type="Water" />
    <terrain x="23" y="17" type="Water" />
    <terrain x="23" y="18" type="Water" />
    <terrain x="24" y="0" type="Water" />
    <terrain x="24" y="1" type="Water" />
    <terrain x="24" y="2" type="Water" />
    <terrain x="24" y="3" type="Water" />
    <terrain x="24" y="4" type="Water" />
    <terrain x="24" y="5" type="Water" />
    <terrain x="24" y="6" type="Water" />
    <terrain x="24" y="7" type="Water" />
    <terrain x="24" y="8" type="Water" />
    <terrain x="24" y="9" type="Water" />
    <terrain x="24" y="10" type="Water" />
    <terrain x="24" y="11" type="Water" />
    <terrain x="24" y="12" type="Water" />
    <terrain x="24" y="13" type="Water" />
    <terrain x="24" y="14" type="Water" />
    <terrain x="24" y="15" type="Water" />
    <terrain x="24" y="16" type="Water" />
    <terrain x="24" y="17" type="Water" />
    <terrain x="24" y="18" type="Water" />
    <terrain startUnit="Bomber" startUnitOwner="3" x="25" y="0" type="Water" />
    <terrain startUnit="Battleship" startUnitOwner="3" x="25" y="1" type="Water" />
    <terrain startUnit="Submarine" startUnitOwner="3" x="25" y="2" type="Water" />
    <terrain x="25" y="3" type="Water" />
    <terrain x="25" y="4" type="Water" />
    <terrain x="25" y="5" type="Water" />
    <terrain x="25" y="6" type="Water" />
    <terrain x="25" y="7" type="Water" />
    <terrain x="25" y="8" type="Water" />
    <terrain x="25" y="9" type="Water" />
    <terrain x="25" y="10" type="Water" />
    <terrain x="25" y="11" type="Water" />
    <terrain x="25" y="12" type="Water" />
    <terrain x="25" y="13" type="Water" />
    <terrain x="25" y="14" type="Water" />
    <terrain x="25" y="15" type="Water" />
    <terrain startUnit="Submarine" startUnitOwner="1" x="25" y="16" type="Water" />
    <terrain startUnit="Battleship" startUnitOwner="1" x="25" y="17" type="Water" />
    <terrain startUnit="Bomber" startUnitOwner="1" x="25" y="18" type="Water" />
    <terrain startFaction="3" x="26" y="0" type="Harbor" />
    <terrain startFaction="3" x="26" y="1" type="Harbor" />
    <terrain startUnit="Battleship" startUnitOwner="3" x="26" y="2" type="Water" />
    <terrain x="26" y="3" type="Water" />
    <terrain x="26" y="4" type="Water" />
    <terrain x="26" y="5" type="Water" />
    <terrain x="26" y="6" type="Water" />
    <terrain x="26" y="7" type="Water" />
    <terrain x="26" y="8" type="Water" />
    <terrain x="26" y="9" type="Water" />
    <terrain x="26" y="10" type="Water" />
    <terrain x="26" y="11" type="Water" />
    <terrain x="26" y="12" type="Water" />
    <terrain x="26" y="13" type="Water" />
    <terrain x="26" y="14" type="Water" />
    <terrain x="26" y="15" type="Water" />
    <terrain startUnit="Battleship" startUnitOwner="1" x="26" y="16" type="Water" />
    <terrain startFaction="1" x="26" y="17" type="Harbor" />
    <terrain startFaction="1" x="26" y="18" type="Harbor" />
    <terrain startFaction="3" x="27" y="0" type="Base" />
    <terrain x="27" y="1" type="Water" />
    <terrain startUnit="Bomber" startUnitOwner="3" x="27" y="2" type="Water" />
    <terrain x="27" y="3" type="Water" />
    <terrain x="27" y="4" type="Water" />
    <terrain x="27" y="5" type="Water" />
    <terrain x="27" y="6" type="Water" />
    <terrain x="27" y="7" type="Water" />
    <terrain x="27" y="8" type="Water" />
    <terrain x="27" y="9" type="Water" />
    <terrain x="27" y="10" type="Water" />
    <terrain x="27" y="11" type="Water" />
    <terrain x="27" y="12" type="Water" />
    <terrain x="27" y="13" type="Water" />
    <terrain x="27" y="14" type="Water" />
    <terrain x="27" y="15" type="Water" />
    <terrain startUnit="Bomber" startUnitOwner="1" x="27" y="16" type="Water" />
    <terrain x="27" y="17" type="Water" />
    <terrain startFaction="1" x="27" y="18" type="Base" />
  </terrains>
</map>

