<?xml version="1.0" encoding="UTF-8"?>
<map id="21397">
  <name>Jungle wars</name>
  <initialCredits>200</initialCredits>
  <perBaseCredits>100</perBaseCredits>
  <width>10</width>
  <height>18</height>
  <maxPlayers>2</maxPlayers>
  <url>http://weewar.com/map/21397</url>
  <thumbnail>http://weewar.com/images/maps/boardThumb_21397_ir3.png</thumbnail>
  <preview>http://weewar.com/images/maps/preview_21397_ir3.png</preview>
  <revision>1</revision>
  <creator>bram.ridder</creator>
  <creatorProfile>http://weewar.com/user/bram.ridder</creatorProfile>
  <terrains>
    <terrain x="0" y="0" type="Water" />
    <terrain x="0" y="1" type="Desert" />
    <terrain x="0" y="2" type="Desert" />
    <terrain x="0" y="3" type="Woods" />
    <terrain x="0" y="4" type="Woods" />
    <terrain x="0" y="5" type="Woods" />
    <terrain x="0" y="6" type="Woods" />
    <terrain x="0" y="7" type="Base" />
    <terrain x="0" y="8" type="Woods" />
    <terrain x="0" y="9" type="Woods" />
    <terrain x="0" y="10" type="Woods" />
    <terrain x="0" y="11" type="Woods" />
    <terrain x="0" y="12" type="Woods" />
    <terrain x="0" y="13" type="Woods" />
    <terrain x="0" y="14" type="Woods" />
    <terrain x="0" y="15" type="Desert" />
    <terrain x="0" y="16" type="Water" />
    <terrain x="0" y="17" type="Water" />
    <terrain x="1" y="0" type="Water" />
    <terrain x="1" y="1" type="Desert" />
    <terrain x="1" y="2" type="Woods" />
    <terrain x="1" y="3" type="Woods" />
    <terrain x="1" y="4" type="Woods" />
    <terrain x="1" y="5" type="Woods" />
    <terrain x="1" y="6" type="Woods" />
    <terrain x="1" y="7" type="Woods" />
    <terrain x="1" y="8" type="Woods" />
    <terrain x="1" y="9" type="Woods" />
    <terrain startUnit="Trooper" startUnitOwner="0" x="1" y="10" type="Woods" />
    <terrain x="1" y="11" type="Base" />
    <terrain x="1" y="12" type="Woods" />
    <terrain x="1" y="13" type="Woods" />
    <terrain x="1" y="14" type="Woods" />
    <terrain x="1" y="15" type="Woods" />
    <terrain x="1" y="16" type="Desert" />
    <terrain x="1" y="17" type="Water" />
    <terrain x="2" y="0" type="Water" />
    <terrain x="2" y="1" type="Water" />
    <terrain x="2" y="2" type="Desert" />
    <terrain x="2" y="3" type="Woods" />
    <terrain x="2" y="4" type="Woods" />
    <terrain startUnit="Trooper" startUnitOwner="0" x="2" y="5" type="Woods" />
    <terrain x="2" y="6" type="Swamp" />
    <terrain x="2" y="7" type="Swamp" />
    <terrain x="2" y="8" type="Woods" />
    <terrain x="2" y="9" type="Woods" />
    <terrain x="2" y="10" type="Woods" />
    <terrain x="2" y="11" type="Woods" />
    <terrain startUnit="Trooper" startUnitOwner="0" x="2" y="12" type="Woods" />
    <terrain x="2" y="13" type="Woods" />
    <terrain x="2" y="14" type="Woods" />
    <terrain x="2" y="15" type="Desert" />
    <terrain x="2" y="16" type="Desert" />
    <terrain x="2" y="17" type="Water" />
    <terrain x="3" y="0" type="Water" />
    <terrain x="3" y="1" type="Water" />
    <terrain x="3" y="2" type="Desert" />
    <terrain x="3" y="3" type="Woods" />
    <terrain x="3" y="4" type="Woods" />
    <terrain x="3" y="5" type="Woods" />
    <terrain x="3" y="6" type="Swamp" />
    <terrain startUnit="Helicopter" startUnitOwner="0" x="3" y="7" type="Airfield" />
    <terrain x="3" y="8" type="Plains" />
    <terrain x="3" y="9" type="Woods" />
    <terrain x="3" y="10" type="Woods" />
    <terrain x="3" y="11" type="Woods" />
    <terrain x="3" y="12" type="Woods" />
    <terrain x="3" y="13" type="Woods" />
    <terrain x="3" y="14" type="Woods" />
    <terrain x="3" y="15" type="Desert" />
    <terrain x="3" y="16" type="Water" />
    <terrain x="3" y="17" type="Water" />
    <terrain x="4" y="0" type="Water" />
    <terrain x="4" y="1" type="Harbor" />
    <terrain x="4" y="2" type="Desert" />
    <terrain x="4" y="3" type="Swamp" />
    <terrain x="4" y="4" type="Woods" />
    <terrain x="4" y="5" type="Swamp" />
    <terrain x="4" y="6" type="Swamp" />
    <terrain x="4" y="7" type="Swamp" />
    <terrain x="4" y="8" type="Plains" />
    <terrain x="4" y="9" type="Mountains" />
    <terrain x="4" y="10" type="Swamp" />
    <terrain x="4" y="11" type="Swamp" />
    <terrain x="4" y="12" type="Swamp" />
    <terrain x="4" y="13" type="Base" />
    <terrain x="4" y="14" type="Swamp" />
    <terrain x="4" y="15" type="Swamp" />
    <terrain x="4" y="16" type="Water" />
    <terrain x="4" y="17" type="Water" />
    <terrain x="5" y="0" type="Water" />
    <terrain x="5" y="1" type="Water" />
    <terrain x="5" y="2" type="Swamp" />
    <terrain x="5" y="3" type="Swamp" />
    <terrain x="5" y="4" type="Base" />
    <terrain x="5" y="5" type="Swamp" />
    <terrain x="5" y="6" type="Swamp" />
    <terrain x="5" y="7" type="Swamp" />
    <terrain x="5" y="8" type="Mountains" />
    <terrain x="5" y="9" type="Plains" />
    <terrain x="5" y="10" type="Swamp" />
    <terrain x="5" y="11" type="Swamp" />
    <terrain x="5" y="12" type="Swamp" />
    <terrain x="5" y="13" type="Woods" />
    <terrain x="5" y="14" type="Swamp" />
    <terrain x="5" y="15" type="Desert" />
    <terrain x="5" y="16" type="Harbor" />
    <terrain x="5" y="17" type="Water" />
    <terrain x="6" y="0" type="Water" />
    <terrain x="6" y="1" type="Water" />
    <terrain x="6" y="2" type="Desert" />
    <terrain x="6" y="3" type="Woods" />
    <terrain x="6" y="4" type="Woods" />
    <terrain x="6" y="5" type="Woods" />
    <terrain x="6" y="6" type="Woods" />
    <terrain x="6" y="7" type="Woods" />
    <terrain x="6" y="8" type="Woods" />
    <terrain x="6" y="9" type="Plains" />
    <terrain startUnit="Helicopter" startUnitOwner="1" x="6" y="10" type="Airfield" />
    <terrain x="6" y="11" type="Swamp" />
    <terrain x="6" y="12" type="Woods" />
    <terrain x="6" y="13" type="Woods" />
    <terrain x="6" y="14" type="Woods" />
    <terrain x="6" y="15" type="Desert" />
    <terrain x="6" y="16" type="Water" />
    <terrain x="6" y="17" type="Water" />
    <terrain x="7" y="0" type="Water" />
    <terrain x="7" y="1" type="Desert" />
    <terrain x="7" y="2" type="Desert" />
    <terrain x="7" y="3" type="Woods" />
    <terrain x="7" y="4" type="Woods" />
    <terrain startUnit="Trooper" startUnitOwner="1" x="7" y="5" type="Woods" />
    <terrain x="7" y="6" type="Woods" />
    <terrain x="7" y="7" type="Woods" />
    <terrain x="7" y="8" type="Woods" />
    <terrain x="7" y="9" type="Woods" />
    <terrain x="7" y="10" type="Swamp" />
    <terrain x="7" y="11" type="Swamp" />
    <terrain startUnit="Trooper" startUnitOwner="1" x="7" y="12" type="Woods" />
    <terrain x="7" y="13" type="Woods" />
    <terrain x="7" y="14" type="Woods" />
    <terrain x="7" y="15" type="Desert" />
    <terrain x="7" y="16" type="Water" />
    <terrain x="7" y="17" type="Water" />
    <terrain x="8" y="0" type="Water" />
    <terrain x="8" y="1" type="Desert" />
    <terrain x="8" y="2" type="Woods" />
    <terrain x="8" y="3" type="Woods" />
    <terrain x="8" y="4" type="Woods" />
    <terrain x="8" y="5" type="Woods" />
    <terrain x="8" y="6" type="Base" />
    <terrain startUnit="Trooper" startUnitOwner="1" x="8" y="7" type="Woods" />
    <terrain x="8" y="8" type="Woods" />
    <terrain x="8" y="9" type="Woods" />
    <terrain x="8" y="10" type="Woods" />
    <terrain x="8" y="11" type="Woods" />
    <terrain x="8" y="12" type="Woods" />
    <terrain x="8" y="13" type="Woods" />
    <terrain x="8" y="14" type="Woods" />
    <terrain x="8" y="15" type="Woods" />
    <terrain x="8" y="16" type="Desert" />
    <terrain x="8" y="17" type="Water" />
    <terrain x="9" y="0" type="Water" />
    <terrain x="9" y="1" type="Water" />
    <terrain x="9" y="2" type="Desert" />
    <terrain x="9" y="3" type="Woods" />
    <terrain x="9" y="4" type="Woods" />
    <terrain x="9" y="5" type="Woods" />
    <terrain x="9" y="6" type="Woods" />
    <terrain x="9" y="7" type="Woods" />
    <terrain x="9" y="8" type="Woods" />
    <terrain x="9" y="9" type="Woods" />
    <terrain x="9" y="10" type="Base" />
    <terrain x="9" y="11" type="Woods" />
    <terrain x="9" y="12" type="Woods" />
    <terrain x="9" y="13" type="Woods" />
    <terrain x="9" y="14" type="Woods" />
    <terrain x="9" y="15" type="Desert" />
    <terrain x="9" y="16" type="Desert" />
    <terrain x="9" y="17" type="Water" />
  </terrains>
</map>

